image_path,image_type,class
10001,Scan,Morus nigra
10008,Scan,Arbutus unedo
10019,Scan,Fraxinus angustifolia
10023,Scan,Buddleja davidii
10025,Scan,Celtis australis
10036,pseudoscan,Vitex agnus-castus
10038,pseudoscan,Olea europaea
10049,Scan,Laburnum anagyroides
10050,Scan,Quercus petraea
10056,pseudoscan,Phillyrea angustifolia
10057,Scan,Arbutus unedo
10059,Scan,Phillyrea angustifolia
10063,photograph,Acer pseudoplatanus
10070,Scan,Fraxinus angustifolia
10072,Scan,Alnus cordata
10079,pseudoscan,Photinia serrulata
10083,pseudoscan,Magnolia grandiflora
10085,Scan,Robinia pseudoacacia
10088,Scan,Olea europaea
10089,photograph,Viburnum lantana
1009,Scan,Prunus laurocerasus
10093,Scan,Celtis australis
10098,Scan,Corylus avellana
10099,Scan,Phillyrea angustifolia
10109,Scan,Celtis australis
1011,Scan,Ilex aquifolium
10115,Scan,Populus tremula
10119,Scan,Alnus cordata
10125,Scan,Ligustrum vulgare
10128,Scan,Morus nigra
10130,Scan,Phillyrea angustifolia
10137,photograph,Nerium oleander
10138,Scan,Crataegus monogyna
1014,photograph,Robinia pseudoacacia
10140,photograph,Tilia cordata
10145,pseudoscan,Magnolia grandiflora
10147,pseudoscan,Diospyros kaki
10162,Scan,Tilia cordata
10164,Scan,Castanea sativa
10165,Scan,Morus alba
10179,Scan,Quercus petraea
10182,Scan,Cercis siliquastrum
10185,photograph,Ilex aquifolium
10198,Scan,Acer negundo
10207,pseudoscan,Buddleja davidii
10214,Scan,Phillyrea angustifolia
10216,pseudoscan,Arbutus unedo
10218,Scan,Phillyrea angustifolia
10222,pseudoscan,Cotinus coggygria
10224,Scan,Quercus petraea
10233,pseudoscan,Ulmus minor
10234,pseudoscan,Pistacia lentiscus
1024,pseudoscan,Ruscus aculeatus
10240,pseudoscan,Ruscus aculeatus
10245,Scan,Cercis siliquastrum
10253,Scan,Arbutus unedo
10255,pseudoscan,Acer negundo
10256,photograph,Ilex aquifolium
10262,Scan,Laurus nobilis
10268,photograph,Celtis australis
10276,Scan,Laurus nobilis
10280,Scan,Acer monspessulanum
10281,pseudoscan,Viburnum opulus
10285,Scan,Mespilus germanica
10286,Scan,Sorbus domestica
10292,pseudoscan,Punica granatum
10293,pseudoscan,Ulmus minor
10297,pseudoscan,Ligustrum vulgare
103,pseudoscan,Celtis australis
10311,Scan,Phillyrea angustifolia
10314,Scan,Cotinus coggygria
10315,Scan,Acer saccharinum
10323,photograph,Pittosporum tobira
10331,photograph,Acer platanoides
10333,photograph,Ulmus minor
10335,photograph,Magnolia grandiflora
10340,pseudoscan,Quercus palustris
10347,Scan,Arbutus unedo
10348,pseudoscan,Ruscus aculeatus
1035,Scan,Acer platanoides
10358,pseudoscan,Elaeagnus angustifolia
10367,Scan,Ulmus minor
1037,photograph,Corylus avellana
10372,Scan,Pistacia lentiscus
10383,pseudoscan,Cotinus coggygria
10398,Scan,Liquidambar styraciflua
10399,Scan,Ulmus minor
104,Scan,Celtis australis
10402,Scan,Phillyrea angustifolia
10404,photograph,Acer platanoides
10406,Scan,Acer monspessulanum
1042,Scan,Ruscus aculeatus
10427,pseudoscan,Populus nigra
10434,Scan,Acer campestre
10437,Scan,Olea europaea
10440,pseudoscan,Crataegus laevigata
10441,Scan,Morus alba
10446,pseudoscan,Ruscus aculeatus
10450,photograph,Acer platanoides
10453,pseudoscan,Cornus mas
10462,Scan,Juglans regia
10467,photograph,Platanus x hispanica
10474,pseudoscan,Ligustrum vulgare
10475,Scan,Betula pendula
10477,pseudoscan,Punica granatum
10478,Scan,Betula pendula
10485,Scan,Populus tremula
10487,pseudoscan,Magnolia grandiflora
10490,pseudoscan,Pittosporum tobira
10492,Scan,Carpinus betulus
10495,pseudoscan,Pittosporum tobira
10508,Scan,Fraxinus angustifolia
10512,Scan,Liriodendron tulipifera
10518,pseudoscan,Vitex agnus-castus
10520,pseudoscan,Ruscus aculeatus
10522,Scan,Hedera helix
10524,Scan,Buxus sempervirens
10526,Scan,Phillyrea angustifolia
10530,pseudoscan,Acer monspessulanum
10533,Scan,Sorbus latifolia
1054,Scan,Olea europaea
10541,pseudoscan,Rhus coriaria
10544,Scan,Buxus sempervirens
10548,pseudoscan,Pittosporum tobira
10551,Scan,Ficus carica
10553,pseudoscan,Buxus sempervirens
10555,pseudoscan,Euphorbia characias
10561,Scan,Rhamnus cathartica
10563,Scan,Ulmus minor
10564,pseudoscan,Celtis australis
10565,Scan,Phillyrea angustifolia
10566,Scan,Koelreuteria paniculata
10567,photograph,Aesculus hippocastanum
10568,Scan,Quercus cerris
10569,pseudoscan,Punica granatum
10570,pseudoscan,Viburnum tinus
10571,Scan,Euphorbia characias
10572,Scan,Phillyrea angustifolia
10573,Scan,Euphorbia characias
10574,pseudoscan,Pittosporum tenuifolium
10575,Scan,Phillyrea angustifolia
10576,Scan,Viburnum tinus
10577,Scan,Corylus avellana
10578,Scan,Acer monspessulanum
10579,Scan,Tilia platyphyllos
1058,Scan,Hedera helix
10580,photograph,Viburnum tinus
10581,photograph,Pittosporum tobira
10582,photograph,Ailanthus altissima
10583,pseudoscan,Ailanthus altissima
10584,pseudoscan,Hedera helix
10585,Scan,Prunus avium
10586,pseudoscan,Euphorbia characias
10587,pseudoscan,Prunus avium
10588,Scan,Phillyrea angustifolia
10589,Scan,Quercus cerris
10590,Scan,Cornus mas
10591,Scan,Phillyrea angustifolia
10592,pseudoscan,Quercus pubescens
10593,Scan,Olea europaea
10594,Scan,Corylus avellana
10595,Scan,Capparis spinosa
10596,Scan,Prunus padus
10597,Scan,Tilia platyphyllos
10598,Scan,Hedera helix
10599,Scan,Prunus dulcis
10600,pseudoscan,Ginkgo biloba
10601,Scan,Rhamnus cathartica
10602,Scan,Punica granatum
10603,pseudoscan,Fraxinus excelsior
10604,Scan,Quercus petraea
10605,pseudoscan,Populus alba
10606,Scan,Cornus sanguinea
10607,Scan,Arbutus unedo
10608,Scan,Ginkgo biloba
10609,photograph,Hedera helix
1061,photograph,Sorbus intermedia
10610,Scan,Celtis australis
10611,Scan,Acer monspessulanum
10612,Scan,Photinia serrulata
10613,Scan,Morus alba
10614,Scan,Buxus sempervirens
10615,Scan,Phillyrea angustifolia
10616,Scan,Euphorbia characias
10617,Scan,Magnolia grandiflora
10618,pseudoscan,Prunus laurocerasus
10619,Scan,Phillyrea angustifolia
10620,Scan,Fraxinus ornus
10621,Scan,Phillyrea angustifolia
10622,Scan,Phillyrea angustifolia
10623,Scan,Phillyrea angustifolia
10624,pseudoscan,Cornus sanguinea
10625,Scan,Quercus petraea
10626,photograph,Celtis australis
10627,pseudoscan,Alnus glutinosa
10628,Scan,Phillyrea angustifolia
10629,pseudoscan,Ulmus minor
10630,Scan,Prunus avium
10631,Scan,Capparis spinosa
10632,Scan,Crataegus monogyna
10633,Scan,Frangula dodonei
10634,pseudoscan,Punica granatum
10635,pseudoscan,Hedera helix
10636,pseudoscan,Rhus coriaria
10637,Scan,Carpinus betulus
10638,pseudoscan,Juniperus oxycedrus
10639,photograph,Olea europaea
1064,Scan,Quercus petraea
10640,photograph,Viburnum tinus
10641,Scan,Cornus sanguinea
10642,Scan,Koelreuteria paniculata
10643,Scan,Laburnum anagyroides
10644,photograph,Acer campestre
10645,Scan,Nerium oleander
10646,Scan,Populus tremula
10647,Scan,Arbutus unedo
10648,pseudoscan,Prunus dulcis
10649,Scan,Cercis siliquastrum
10650,Scan,Phillyrea angustifolia
10651,Scan,Populus tremula
10652,pseudoscan,Ulmus minor
10653,Scan,Frangula dodonei
10654,Scan,Viburnum tinus
10655,Scan,Phillyrea angustifolia
10656,Scan,Quercus ilex
10657,pseudoscan,Ulmus minor
10658,pseudoscan,Diospyros kaki
10659,Scan,Cercis siliquastrum
10660,photograph,Hedera helix
10661,Scan,Acer monspessulanum
10662,Scan,Phillyrea angustifolia
10663,pseudoscan,Vitex agnus-castus
10664,pseudoscan,Quercus palustris
10665,Scan,Corylus avellana
10666,photograph,Aesculus hippocastanum
10667,Scan,Phillyrea angustifolia
10668,pseudoscan,Populus alba
10669,Scan,Alnus cordata
10670,Scan,Celtis australis
10671,photograph,Punica granatum
10672,Scan,Viburnum tinus
10673,Scan,Euphorbia characias
10674,photograph,Hedera helix
10675,photograph,Ficus carica
10676,pseudoscan,Ruscus aculeatus
10677,Scan,Viburnum opulus
10678,pseudoscan,Pittosporum tenuifolium
10679,Scan,Betula pendula
10680,Scan,Phillyrea angustifolia
10681,Scan,Olea europaea
10682,Scan,Quercus petraea
10683,photograph,Olea europaea
10684,pseudoscan,Celtis australis
10685,Scan,Betula utilis var. jacquemontii
10686,Scan,Colutea arborescens
10687,pseudoscan,Laurus nobilis
10688,Scan,Mespilus germanica
10689,pseudoscan,Ulmus minor
10690,pseudoscan,Ruscus aculeatus
10691,Scan,Ginkgo biloba
10692,Scan,Quercus palustris
10693,photograph,Prunus serrulata
10694,pseudoscan,Morus alba
10695,Scan,Phillyrea angustifolia
10696,pseudoscan,Punica granatum
10697,Scan,Phillyrea angustifolia
10698,photograph,Pistacia lentiscus
10699,photograph,Viburnum lantana
10700,Scan,Phillyrea angustifolia
10701,Scan,Quercus cerris
10702,Scan,Platanus x hispanica
10703,Scan,Olea europaea
10704,photograph,Hedera helix
10705,pseudoscan,Crataegus laevigata
10706,pseudoscan,Acer campestre
10707,Scan,Juniperus oxycedrus
10708,photograph,Ficus carica
10709,Scan,Populus tremula
10710,pseudoscan,Quercus pubescens
10711,Scan,Quercus rubra
10712,Scan,Phillyrea angustifolia
10713,photograph,Castanea sativa
10714,photograph,Sorbus intermedia
10715,Scan,Quercus robur
10716,photograph,Mespilus germanica
10717,Scan,Eriobotrya japonica
10718,pseudoscan,Broussonetia papyrifera
10719,pseudoscan,Punica granatum
10720,pseudoscan,Fagus sylvatica
10721,photograph,Hedera helix
10722,pseudoscan,Populus alba
10723,photograph,Arbutus unedo
10724,pseudoscan,Ulmus minor
10725,Scan,Alnus cordata
10726,Scan,Acer campestre
10727,Scan,Acer negundo
10728,pseudoscan,Diospyros kaki
10729,Scan,Quercus petraea
1073,photograph,Sorbus intermedia
10730,photograph,Arbutus unedo
10731,Scan,Syringa vulgaris
10732,photograph,Sophora japonica
10733,photograph,Acer campestre
10734,pseudoscan,Buddleja davidii
10735,pseudoscan,Populus nigra
10736,photograph,Fraxinus angustifolia
10737,Scan,Quercus cerris
10738,pseudoscan,Juniperus oxycedrus
10739,Scan,Phillyrea angustifolia
10740,Scan,Quercus palustris
10741,pseudoscan,Juniperus oxycedrus
10742,Scan,Phillyrea angustifolia
10743,Scan,Cornus mas
10744,photograph,Ulmus minor
10745,Scan,Cercis siliquastrum
10746,pseudoscan,Ruscus aculeatus
10747,pseudoscan,Populus alba
10748,photograph,Acer monspessulanum
10749,photograph,Olea europaea
10750,photograph,Sambucus nigra
10751,Scan,Populus tremula
10752,Scan,Mespilus germanica
10753,Scan,Phillyrea angustifolia
10754,Scan,Juniperus oxycedrus
10755,Scan,Alnus cordata
10756,Scan,Quercus palustris
10757,Scan,Celtis australis
10758,Scan,Betula pubescens
10759,Scan,Alnus cordata
10760,Scan,Juniperus oxycedrus
10761,Scan,Buxus sempervirens
10762,Scan,Quercus robur
10763,Scan,Betula pendula
10764,photograph,Robinia pseudoacacia
10765,Scan,Carpinus betulus
10766,Scan,Quercus ilex
10767,Scan,Juglans regia
10768,pseudoscan,Ruscus aculeatus
10769,Scan,Populus nigra
10770,Scan,Quercus ilex
10771,photograph,Aesculus hippocastanum
10772,pseudoscan,Broussonetia papyrifera
10773,Scan,Phillyrea angustifolia
10774,pseudoscan,Rhus coriaria
10775,pseudoscan,Punica granatum
10776,Scan,Hedera helix
10777,photograph,Diospyros kaki
10778,pseudoscan,Cercis siliquastrum
10779,Scan,Phillyrea angustifolia
10780,pseudoscan,Arbutus unedo
10781,pseudoscan,Quercus ilex
10782,pseudoscan,Phillyrea angustifolia
10783,Scan,Phillyrea angustifolia
10784,pseudoscan,Euphorbia characias
10785,pseudoscan,Rhus typhina
10786,Scan,Diospyros kaki
10787,Scan,Diospyros kaki
10788,pseudoscan,Ulmus minor
10789,Scan,Acer campestre
10790,pseudoscan,Rhus typhina
10791,Scan,Populus tremula
10792,pseudoscan,Pistacia lentiscus
10793,photograph,Pittosporum tobira
10794,pseudoscan,Ulmus minor
10795,Scan,Alnus cordata
10796,photograph,Tilia cordata
10797,pseudoscan,Castanea sativa
10798,Scan,Populus tremula
10799,Scan,Malus sylvestris
108,photograph,Fraxinus ornus
10800,Scan,Acer campestre
10801,Scan,Ostrya carpinifolia
10802,photograph,Acer opalus
10803,pseudoscan,Cercis siliquastrum
10804,Scan,Sophora japonica
10805,Scan,Phillyrea angustifolia
10806,photograph,Acer platanoides
10807,Scan,Liriodendron tulipifera
10808,Scan,Viburnum opulus
10809,pseudoscan,Ilex aquifolium
10810,pseudoscan,Ulmus minor
10811,Scan,Crataegus monogyna
10812,pseudoscan,Ruscus aculeatus
10813,pseudoscan,Prunus dulcis
10814,pseudoscan,Photinia serrulata
10815,photograph,Pittosporum tobira
10816,photograph,Pittosporum tobira
10817,pseudoscan,Viburnum opulus
10818,Scan,Olea europaea
10819,Scan,Corylus avellana
10820,Scan,Juniperus oxycedrus
10821,Scan,Olea europaea
10822,pseudoscan,Ruscus aculeatus
10823,photograph,Ficus carica
10824,Scan,Celtis australis
10825,photograph,Vitex agnus-castus
10826,pseudoscan,Buxus sempervirens
10827,pseudoscan,Rhus coriaria
10828,Scan,Alnus cordata
10829,pseudoscan,Populus alba
10830,Scan,Cercis siliquastrum
10831,Scan,Punica granatum
10832,photograph,Cercis siliquastrum
10833,photograph,Mespilus germanica
10834,Scan,Acer pseudoplatanus
10835,Scan,Euonymus europaeus
10836,Scan,Acer monspessulanum
10837,Scan,Punica granatum
10838,Scan,Diospyros kaki
10839,pseudoscan,Viburnum opulus
10840,Scan,Juniperus oxycedrus
10841,Scan,Populus tremula
10842,Scan,Phillyrea angustifolia
10843,Scan,Phillyrea angustifolia
10844,pseudoscan,Cercis siliquastrum
10845,pseudoscan,Viburnum tinus
10846,pseudoscan,Ligustrum vulgare
10847,pseudoscan,Rhus coriaria
10848,photograph,Quercus coccifera
10849,Scan,Quercus robur
10850,photograph,Albizia julibrissin
10851,photograph,Hedera helix
10852,photograph,Cercis siliquastrum
10853,Scan,Phillyrea angustifolia
10854,Scan,Acer monspessulanum
10855,pseudoscan,Carpinus betulus
10856,pseudoscan,Populus alba
10857,Scan,Acer campestre
10858,pseudoscan,Alnus glutinosa
10859,photograph,Mespilus germanica
10860,Scan,Malus sylvestris
10861,Scan,Olea europaea
10862,Scan,Quercus rubra
10863,pseudoscan,Ginkgo biloba
10864,Scan,Juniperus oxycedrus
10865,Scan,Celtis australis
10866,Scan,Viburnum opulus
10867,Scan,Acer platanoides
10868,Scan,Gleditsia triacanthos
10869,photograph,Hedera helix
1087,photograph,Ailanthus altissima
10870,Scan,Pistacia lentiscus
10871,pseudoscan,Rhus typhina
10872,photograph,Magnolia grandiflora
10873,photograph,Quercus ilex
10874,Scan,Juglans regia
10875,Scan,Broussonetia papyrifera
10876,pseudoscan,Crataegus monogyna
10877,Scan,Sorbus domestica
10878,Scan,Carpinus betulus
10879,Scan,Morus nigra
1088,Scan,Arbutus unedo
10880,pseudoscan,Ruscus aculeatus
10881,pseudoscan,Prunus laurocerasus
10882,Scan,Celtis australis
10883,Scan,Castanea sativa
10884,Scan,Morus alba
10885,Scan,Alnus cordata
10886,Scan,Cotinus coggygria
10887,photograph,Viburnum tinus
10888,Scan,Tilia platyphyllos
10889,Scan,Phillyrea angustifolia
10890,Scan,Colutea arborescens
10891,Scan,Alnus cordata
10892,photograph,Punica granatum
10893,photograph,Corylus avellana
10894,pseudoscan,Phillyrea angustifolia
10895,Scan,Phillyrea angustifolia
10896,pseudoscan,Carpinus betulus
10897,Scan,Cerasus mahaleb
10898,Scan,Pistacia lentiscus
10899,Scan,Phillyrea angustifolia
1090,Scan,Phillyrea angustifolia
10900,photograph,Olea europaea
10901,pseudoscan,Hedera helix
10902,pseudoscan,Buxus sempervirens
10903,Scan,Pistacia terebinthus
10904,Scan,Phillyrea angustifolia
10905,pseudoscan,Viburnum tinus
10906,Scan,Celtis australis
10907,Scan,Alnus cordata
10908,Scan,Ostrya carpinifolia
10909,pseudoscan,Arbutus unedo
10910,Scan,Olea europaea
10911,Scan,Euphorbia characias
10912,photograph,Tilia cordata
10913,Scan,Sorbus domestica
10914,Scan,Acer campestre
10915,Scan,Acer negundo
10916,Scan,Laburnum anagyroides
10917,pseudoscan,Sophora japonica
10918,Scan,Sorbus domestica
10919,Scan,Populus trichocarpa
1092,pseudoscan,Cornus sanguinea
10920,Scan,Capparis spinosa
10921,pseudoscan,Rhus coriaria
10922,Scan,Koelreuteria paniculata
10923,photograph,Viburnum tinus
10924,Scan,Euphorbia characias
10925,Scan,Cercis siliquastrum
10926,Scan,Prunus dulcis
10927,pseudoscan,Ulmus minor
10928,Scan,Buxus sempervirens
10929,pseudoscan,Populus nigra
10930,Scan,Hedera helix
10931,pseudoscan,Punica granatum
10932,photograph,Acer monspessulanum
10933,Scan,Euonymus europaeus
10934,Scan,Phillyrea angustifolia
10935,pseudoscan,Pistacia lentiscus
10936,Scan,Acer campestre
10937,Scan,Phillyrea angustifolia
10938,Scan,Rhamnus cathartica
10939,Scan,Phillyrea angustifolia
10940,Scan,Phillyrea angustifolia
10941,pseudoscan,Phillyrea angustifolia
10942,pseudoscan,Ulmus minor
10943,Scan,Quercus petraea
10944,Scan,Acer campestre
10945,photograph,Crataegus monogyna
10946,pseudoscan,Populus alba
10947,pseudoscan,Juniperus oxycedrus
10948,Scan,Phillyrea angustifolia
10949,photograph,Alnus glutinosa
10950,Scan,Sorbus domestica
10951,pseudoscan,Ulmus minor
10952,Scan,Betula pubescens
10953,Scan,Acer campestre
10954,Scan,Punica granatum
10955,pseudoscan,Ginkgo biloba
10956,photograph,Diospyros kaki
10957,pseudoscan,Robinia pseudoacacia
10958,pseudoscan,Pittosporum tobira
10959,Scan,Phillyrea angustifolia
10960,pseudoscan,Juniperus oxycedrus
10961,photograph,Viburnum tinus
10962,Scan,Sorbus intermedia
10963,Scan,Salix caprea
10964,Scan,Acer monspessulanum
10965,Scan,Phillyrea angustifolia
10966,pseudoscan,Acer opalus
10967,Scan,Ostrya carpinifolia
10968,Scan,Acer opalus
10969,Scan,Buxus sempervirens
1097,pseudoscan,Rhus coriaria
10970,Scan,Phillyrea angustifolia
10971,Scan,Prunus laurocerasus
10972,Scan,Phillyrea angustifolia
10973,Scan,Robinia pseudoacacia
10974,Scan,Viburnum opulus
10975,photograph,Juglans regia
10976,Scan,Cotinus coggygria
10977,photograph,Ilex aquifolium
10978,photograph,Ginkgo biloba
10979,pseudoscan,Viburnum opulus
10980,pseudoscan,Rhus coriaria
10981,pseudoscan,Carpinus betulus
10982,Scan,Liriodendron tulipifera
10983,pseudoscan,Daphne cneorum
10984,Scan,Fagus sylvatica
10985,Scan,Prunus laurocerasus
10986,Scan,Koelreuteria paniculata
10987,Scan,Celtis australis
10988,Scan,Quercus petraea
10989,pseudoscan,Phillyrea angustifolia
10990,Scan,Acer campestre
10991,pseudoscan,Rhus coriaria
10992,Scan,Platanus x hispanica
10993,Scan,Quercus robur
10994,photograph,Hedera helix
10995,Scan,Pittosporum tobira
10996,Scan,Hedera helix
10997,pseudoscan,Prunus laurocerasus
10998,Scan,Colutea arborescens
10999,Scan,Celtis australis
11000,Scan,Prunus avium
11001,Scan,Morus alba
11002,Scan,Arbutus unedo
11003,Scan,Colutea arborescens
11004,Scan,Morus alba
11005,Scan,Corylus avellana
11006,Scan,Pistacia terebinthus
11007,pseudoscan,Juniperus oxycedrus
11008,Scan,Olea europaea
11009,pseudoscan,Quercus palustris
11010,photograph,Corylus avellana
11011,Scan,Tilia platyphyllos
11012,photograph,Quercus pubescens
11013,pseudoscan,Rhus coriaria
11014,Scan,Buxus sempervirens
11015,Scan,Ginkgo biloba
11016,Scan,Acer negundo
11017,photograph,Albizia julibrissin
11018,Scan,Phillyrea angustifolia
11019,Scan,Rhamnus alaternus
11020,Scan,Phillyrea angustifolia
11021,Scan,Ulmus minor
11022,pseudoscan,Ruscus aculeatus
11023,Scan,Celtis australis
11024,photograph,Quercus ilex
11025,pseudoscan,Juniperus oxycedrus
11026,photograph,Betula pendula
11027,Scan,Gleditsia triacanthos
11028,pseudoscan,Carpinus betulus
11029,Scan,Fraxinus ornus
11030,pseudoscan,Cornus sanguinea
11031,photograph,Tilia platyphyllos
11032,pseudoscan,Populus nigra
11033,pseudoscan,Sorbus aria
11034,photograph,Cornus mas
11035,photograph,Fagus sylvatica
11036,Scan,Cornus mas
11037,Scan,Alnus cordata
11038,photograph,Hedera helix
11039,Scan,Cotinus coggygria
11040,Scan,Cercis siliquastrum
11041,Scan,Euonymus europaeus
11042,pseudoscan,Daphne cneorum
11043,Scan,Prunus spinosa
11044,pseudoscan,Pittosporum tenuifolium
11045,photograph,Nerium oleander
11046,Scan,Phillyrea angustifolia
11047,pseudoscan,Fraxinus angustifolia
11048,Scan,Phillyrea angustifolia
11049,Scan,Fraxinus excelsior
11050,Scan,Ostrya carpinifolia
11051,Scan,Populus tremula
11052,Scan,Populus nigra
11053,Scan,Cercis siliquastrum
11054,pseudoscan,Cornus sanguinea
11055,Scan,Acer campestre
11056,Scan,Phillyrea angustifolia
11057,pseudoscan,Ligustrum vulgare
11058,Scan,Punica granatum
11059,pseudoscan,Diospyros kaki
11060,Scan,Phillyrea angustifolia
11061,pseudoscan,Euphorbia characias
11062,Scan,Acer campestre
11063,Scan,Phillyrea angustifolia
11064,Scan,Olea europaea
11065,photograph,Acer platanoides
11066,Scan,Alnus cordata
11067,photograph,Acer opalus
11068,pseudoscan,Quercus pubescens
11069,Scan,Prunus avium
11070,Scan,Viburnum tinus
11071,Scan,Acer monspessulanum
11072,Scan,Ulmus minor
11073,Scan,Quercus ilex
11074,Scan,Platanus x hispanica
11075,Scan,Phillyrea angustifolia
11076,pseudoscan,Juniperus oxycedrus
11077,pseudoscan,Cotinus coggygria
11078,Scan,Crataegus monogyna
11079,Scan,Viburnum tinus
11080,pseudoscan,Phillyrea angustifolia
11081,Scan,Euonymus europaeus
11082,pseudoscan,Viburnum opulus
11083,pseudoscan,Fagus sylvatica
11084,Scan,Celtis australis
11085,Scan,Buddleja davidii
11086,pseudoscan,Cornus sanguinea
11087,pseudoscan,Quercus pubescens
11088,pseudoscan,Pistacia terebinthus
11089,pseudoscan,Phillyrea angustifolia
1109,Scan,Quercus robur
11090,photograph,Viburnum tinus
11091,Scan,Arbutus unedo
11092,pseudoscan,Cotinus coggygria
11093,photograph,Laurus nobilis
11094,Scan,Betula pubescens
11095,photograph,Ficus carica
11096,Scan,Fraxinus angustifolia
11097,pseudoscan,Quercus pubescens
11098,pseudoscan,Ulmus minor
11099,pseudoscan,Rhus coriaria
11100,Scan,Ficus carica
11101,Scan,Cornus mas
11102,Scan,Phillyrea angustifolia
11103,pseudoscan,Ulmus minor
11104,Scan,Quercus petraea
11105,photograph,Pistacia terebinthus
11106,Scan,Cercis siliquastrum
11107,Scan,Salix alba
11108,pseudoscan,Ruscus aculeatus
11109,Scan,Acer platanoides
11110,Scan,Populus tremula
11111,pseudoscan,Prunus laurocerasus
11112,Scan,Buddleja davidii
11113,pseudoscan,Viburnum opulus
11114,Scan,Quercus ilex
11115,Scan,Celtis australis
11116,Scan,Sorbus domestica
11117,photograph,Syringa vulgaris
11118,pseudoscan,Buddleja davidii
11119,Scan,Capparis spinosa
11120,photograph,Magnolia grandiflora
11121,photograph,Fraxinus excelsior
11122,Scan,Laburnum anagyroides
11123,Scan,Salix cinerea
11124,pseudoscan,Crataegus laevigata
11125,Scan,Alnus cordata
11126,pseudoscan,Populus alba
11127,photograph,Sophora japonica
11128,Scan,Phillyrea angustifolia
11129,Scan,Sorbus domestica
1113,photograph,Tilia platyphyllos
11130,pseudoscan,Populus alba
11131,Scan,Olea europaea
11132,pseudoscan,Rhus coriaria
11133,Scan,Acer campestre
11134,photograph,Corylus avellana
11135,Scan,Juniperus oxycedrus
11136,Scan,Phillyrea angustifolia
11137,Scan,Phillyrea angustifolia
11138,pseudoscan,Buddleja davidii
11139,Scan,Vitex agnus-castus
11140,Scan,Robinia pseudoacacia
11141,Scan,Sophora japonica
11142,Scan,Phillyrea angustifolia
11143,Scan,Rhamnus cathartica
11144,pseudoscan,Platanus x hispanica
11145,photograph,Hedera helix
11146,Scan,Castanea sativa
11147,Scan,Liriodendron tulipifera
11148,pseudoscan,Ruscus aculeatus
11149,pseudoscan,Buddleja davidii
11150,Scan,Acer campestre
11151,Scan,Prunus spinosa
11152,Scan,Buddleja davidii
11153,Scan,Corylus avellana
11154,photograph,Hedera helix
11155,Scan,Populus nigra
11156,photograph,Quercus coccifera
11157,pseudoscan,Euphorbia characias
11158,Scan,Acer campestre
11159,photograph,Cercis siliquastrum
11160,Scan,Cornus mas
11161,Scan,Ficus carica
11162,Scan,Ficus carica
11163,Scan,Phillyrea angustifolia
11164,Scan,Fraxinus ornus
11165,Scan,Alnus glutinosa
11166,Scan,Populus tremula
11167,Scan,Juniperus oxycedrus
11168,Scan,Populus nigra
11169,photograph,Hedera helix
1117,photograph,Celtis australis
11170,Scan,Euonymus europaeus
11171,Scan,Ruscus aculeatus
11172,Scan,Phillyrea angustifolia
11173,Scan,Quercus robur
11174,pseudoscan,Populus alba
11175,pseudoscan,Olea europaea
11176,photograph,Acer campestre
11177,Scan,Hedera helix
11178,Scan,Acer monspessulanum
11179,pseudoscan,Cornus sanguinea
11180,Scan,Acer platanoides
11181,Scan,Acer negundo
11182,pseudoscan,Rhus coriaria
11183,Scan,Fraxinus angustifolia
11184,Scan,Cercis siliquastrum
11185,photograph,Pittosporum tobira
11186,Scan,Ostrya carpinifolia
11187,Scan,Rhamnus cathartica
11188,Scan,Juglans regia
11189,photograph,Gleditsia triacanthos
11190,photograph,Pittosporum tobira
11191,pseudoscan,Ulmus minor
11192,Scan,Celtis australis
11193,pseudoscan,Alnus glutinosa
11194,photograph,Laurus nobilis
11195,Scan,Acer campestre
11196,pseudoscan,Betula pendula
11197,pseudoscan,Populus alba
11198,photograph,Cercis siliquastrum
11199,Scan,Cercis siliquastrum
1120,photograph,Ficus carica
11200,pseudoscan,Nerium oleander
11201,Scan,Olea europaea
11202,pseudoscan,Viburnum opulus
11203,Scan,Betula pubescens
11204,Scan,Capparis spinosa
11205,photograph,Laurus nobilis
11206,pseudoscan,Populus alba
11207,Scan,Magnolia grandiflora
11208,pseudoscan,Photinia serrulata
11209,Scan,Castanea sativa
11210,Scan,Hedera helix
11211,pseudoscan,Viburnum tinus
11212,Scan,Sorbus domestica
11213,pseudoscan,Euphorbia characias
11214,Scan,Carpinus betulus
11215,Scan,Phillyrea angustifolia
11216,pseudoscan,Quercus palustris
11217,pseudoscan,Rhus coriaria
11218,photograph,Ulmus minor
11219,Scan,Koelreuteria paniculata
11220,pseudoscan,Fagus sylvatica
11221,photograph,Corylus avellana
11222,Scan,Acer campestre
11223,Scan,Nerium oleander
11224,pseudoscan,Acer pseudoplatanus
11225,Scan,Robinia pseudoacacia
11226,Scan,Populus nigra
11227,Scan,Phillyrea angustifolia
11228,pseudoscan,Viburnum opulus
11229,photograph,Corylus avellana
11230,photograph,Acer platanoides
11231,Scan,Viburnum tinus
11232,Scan,Quercus cerris
11233,photograph,Celtis australis
11234,Scan,Buddleja davidii
11235,pseudoscan,Cotinus coggygria
11236,pseudoscan,Pistacia terebinthus
11237,Scan,Liquidambar styraciflua
11238,photograph,Pittosporum tobira
11239,Scan,Corylus avellana
11240,photograph,Juglans regia
11241,pseudoscan,Laburnum anagyroides
11242,pseudoscan,Ruscus aculeatus
11243,pseudoscan,Cornus sanguinea
11244,Scan,Aesculus hippocastanum
11245,pseudoscan,Elaeagnus angustifolia
11246,photograph,Hedera helix
11247,Scan,Cercis siliquastrum
11248,photograph,Laurus nobilis
11249,Scan,Phillyrea angustifolia
1125,Scan,Photinia serrulata
11250,pseudoscan,Ginkgo biloba
11251,Scan,Quercus cerris
11252,Scan,Castanea sativa
11253,Scan,Quercus cerris
11254,Scan,Viburnum tinus
11255,Scan,Euphorbia characias
11256,Scan,Ruscus aculeatus
11257,Scan,Populus tremula
11258,Scan,Robinia pseudoacacia
11259,Scan,Populus nigra
11260,Scan,Platanus x hispanica
11261,Scan,Cercis siliquastrum
11262,pseudoscan,Ulmus minor
11263,photograph,Diospyros kaki
11264,pseudoscan,Populus alba
11265,Scan,Betula pubescens
11266,Scan,Aesculus hippocastanum
11267,pseudoscan,Pittosporum tobira
11268,Scan,Fraxinus angustifolia
11269,Scan,Corylus avellana
11270,Scan,Celtis australis
11271,Scan,Olea europaea
11272,Scan,Viburnum opulus
11273,Scan,Punica granatum
11274,Scan,Pistacia terebinthus
11275,pseudoscan,Broussonetia papyrifera
11276,Scan,Olea europaea
11277,pseudoscan,Rhus coriaria
11278,Scan,Ulmus minor
11279,pseudoscan,Ruscus aculeatus
11280,pseudoscan,Liriodendron tulipifera
11281,Scan,Phillyrea angustifolia
11282,Scan,Alnus cordata
11283,photograph,Ailanthus altissima
11284,pseudoscan,Pittosporum tobira
11285,Scan,Prunus avium
11286,pseudoscan,Populus alba
11287,Scan,Corylus avellana
11288,Scan,Cornus mas
11289,Scan,Phillyrea angustifolia
11290,pseudoscan,Ficus carica
11291,pseudoscan,Phillyrea angustifolia
11292,pseudoscan,Fraxinus excelsior
11293,Scan,Aesculus hippocastanum
11294,photograph,Cercis siliquastrum
11295,pseudoscan,Rhamnus alaternus
11296,pseudoscan,Ulmus minor
11297,Scan,Liriodendron tulipifera
11298,photograph,Fraxinus excelsior
11299,photograph,Celtis australis
113,Scan,Olea europaea
11300,Scan,Sorbus domestica
11301,photograph,Quercus ilex
11302,pseudoscan,Populus nigra
11303,photograph,Tilia cordata
11304,pseudoscan,Buxus sempervirens
11305,pseudoscan,Ulmus minor
11306,pseudoscan,Arbutus unedo
11307,Scan,Robinia pseudoacacia
11308,Scan,Cornus sanguinea
11309,pseudoscan,Ruscus aculeatus
11310,pseudoscan,Magnolia grandiflora
11311,photograph,Crataegus monogyna
11312,pseudoscan,Acer negundo
11313,pseudoscan,Phillyrea angustifolia
11314,photograph,Olea europaea
11315,pseudoscan,Elaeagnus angustifolia
11316,pseudoscan,Punica granatum
11317,Scan,Hedera helix
11318,Scan,Corylus avellana
11319,Scan,Populus alba
11320,Scan,Phillyrea angustifolia
11321,pseudoscan,Viburnum opulus
11322,pseudoscan,Hedera helix
11323,photograph,Ailanthus altissima
11324,Scan,Betula utilis var. jacquemontii
11325,Scan,Fagus sylvatica
11326,Scan,Phillyrea angustifolia
11327,Scan,Crataegus monogyna
11328,photograph,Quercus ilex
11329,Scan,Hedera helix
1133,pseudoscan,Punica granatum
11330,pseudoscan,Quercus pubescens
11331,pseudoscan,Acer monspessulanum
11332,Scan,Syringa vulgaris
11333,Scan,Photinia serrulata
11334,pseudoscan,Ruscus aculeatus
11335,Scan,Arbutus unedo
11336,Scan,Malus sylvestris
11337,pseudoscan,Crataegus laevigata
11338,Scan,Prunus spinosa
11339,Scan,Fraxinus ornus
1134,Scan,Alnus cordata
11340,pseudoscan,Punica granatum
11341,pseudoscan,Cotinus coggygria
11342,Scan,Crataegus monogyna
11343,Scan,Phillyrea angustifolia
11344,pseudoscan,Populus nigra
11345,Scan,Juniperus oxycedrus
11346,photograph,Carpinus betulus
11347,pseudoscan,Juglans nigra
11348,Scan,Phillyrea angustifolia
11349,pseudoscan,Pittosporum tobira
1135,pseudoscan,Ailanthus altissima
11350,pseudoscan,Fagus sylvatica
11351,Scan,Betula utilis var. jacquemontii
11352,pseudoscan,Phillyrea angustifolia
11353,Scan,Pistacia terebinthus
11354,photograph,Eriobotrya japonica
11355,Scan,Euphorbia characias
11356,pseudoscan,Corylus avellana
11357,photograph,Nerium oleander
11358,photograph,Nerium oleander
11359,Scan,Phillyrea angustifolia
11360,Scan,Cercis siliquastrum
11361,pseudoscan,Prunus laurocerasus
11362,pseudoscan,Sophora japonica
11363,photograph,Pittosporum tobira
11364,pseudoscan,Quercus ilex
11365,Scan,Celtis australis
11366,photograph,Tilia platyphyllos
11367,pseudoscan,Ruscus aculeatus
11368,pseudoscan,Phillyrea angustifolia
11369,Scan,Juniperus oxycedrus
11370,Scan,Phillyrea angustifolia
11371,pseudoscan,Ginkgo biloba
11372,Scan,Phillyrea angustifolia
11373,Scan,Morus alba
11374,pseudoscan,Ulmus minor
11375,Scan,Acer pseudoplatanus
11376,Scan,Phillyrea angustifolia
11377,Scan,Fraxinus excelsior
11378,Scan,Juglans regia
11379,Scan,Sorbus domestica
11380,Scan,Celtis australis
11381,pseudoscan,Phillyrea angustifolia
11382,pseudoscan,Ruscus aculeatus
11383,Scan,Quercus robur
11384,photograph,Punica granatum
11385,photograph,Tilia cordata
11386,Scan,Betula pendula
11387,Scan,Quercus ilex
11388,Scan,Liquidambar styraciflua
11389,Scan,Quercus petraea
11390,photograph,Ailanthus altissima
11391,Scan,Euonymus europaeus
11392,Scan,Arbutus unedo
11393,photograph,Pittosporum tobira
11394,Scan,Capparis spinosa
11395,pseudoscan,Cercis siliquastrum
11396,photograph,Aesculus hippocastanum
11397,pseudoscan,Cornus mas
11398,pseudoscan,Ruscus aculeatus
11399,pseudoscan,Photinia serrulata
114,pseudoscan,Ulmus minor
11400,photograph,Pistacia lentiscus
11401,Scan,Cercis siliquastrum
11402,Scan,Populus alba
11403,Scan,Hedera helix
11404,Scan,Acer monspessulanum
11405,pseudoscan,Platanus x hispanica
11406,Scan,Euonymus europaeus
11407,photograph,Punica granatum
11408,pseudoscan,Ruscus aculeatus
11409,pseudoscan,Populus nigra
11410,Scan,Robinia pseudoacacia
11411,pseudoscan,Euphorbia characias
11412,pseudoscan,Quercus pubescens
11413,photograph,Acer opalus
11414,pseudoscan,Robinia pseudoacacia
11415,Scan,Gleditsia triacanthos
11416,Scan,Liquidambar styraciflua
11417,Scan,Quercus cerris
11418,photograph,Pittosporum tobira
11419,Scan,Populus nigra
11420,pseudoscan,Punica granatum
11421,Scan,Tilia platyphyllos
11422,Scan,Robinia pseudoacacia
11423,Scan,Robinia pseudoacacia
11424,pseudoscan,Ruscus aculeatus
11425,photograph,Laurus nobilis
11426,Scan,Cotinus coggygria
11427,pseudoscan,Populus nigra
11428,Scan,Tilia platyphyllos
11429,Scan,Euonymus europaeus
11430,Scan,Quercus robur
11431,Scan,Populus tremula
11432,pseudoscan,Sophora japonica
11433,Scan,Sorbus torminalis
11434,pseudoscan,Cornus mas
11435,Scan,Celtis australis
11436,pseudoscan,Populus nigra
11437,Scan,Corylus avellana
11438,photograph,Pittosporum tobira
11439,Scan,Phillyrea angustifolia
11440,photograph,Celtis australis
11441,Scan,Pistacia terebinthus
11442,Scan,Celtis australis
11443,Scan,Populus tremula
11444,Scan,Carpinus betulus
11445,pseudoscan,Pistacia lentiscus
11446,pseudoscan,Populus alba
11447,photograph,Laurus nobilis
11448,pseudoscan,Juniperus oxycedrus
11449,Scan,Juglans regia
11450,pseudoscan,Ulmus minor
11451,Scan,Populus tremula
11452,pseudoscan,Cercis siliquastrum
11453,Scan,Hedera helix
11454,Scan,Capparis spinosa
11455,photograph,Carpinus betulus
11456,Scan,Corylus avellana
11457,Scan,Morus nigra
11458,Scan,Celtis australis
11459,Scan,Juniperus oxycedrus
11460,Scan,Ulmus laevis
11461,Scan,Crataegus monogyna
11462,Scan,Euonymus europaeus
11463,pseudoscan,Magnolia grandiflora
11464,photograph,Fraxinus excelsior
11465,Scan,Broussonetia papyrifera
11466,Scan,Quercus cerris
11467,pseudoscan,Populus alba
11468,Scan,Cerasus mahaleb
11469,photograph,Juglans regia
11470,pseudoscan,Cercis siliquastrum
11471,Scan,Juniperus oxycedrus
11472,Scan,Olea europaea
11473,photograph,Nerium oleander
11474,pseudoscan,Punica granatum
11475,Scan,Platanus x hispanica
11476,pseudoscan,Daphne cneorum
11477,pseudoscan,Viburnum tinus
11478,Scan,Buddleja davidii
11479,photograph,Alnus glutinosa
1148,Scan,Cercis siliquastrum
11480,Scan,Castanea sativa
11481,Scan,Phillyrea angustifolia
11482,photograph,Celtis australis
11483,Scan,Phillyrea angustifolia
11484,Scan,Alnus glutinosa
11485,pseudoscan,Ulmus minor
11486,Scan,Euonymus europaeus
11487,Scan,Phillyrea angustifolia
11488,pseudoscan,Punica granatum
11489,photograph,Ulmus minor
11490,Scan,Juniperus oxycedrus
11491,pseudoscan,Populus alba
11492,Scan,Juniperus oxycedrus
11493,Scan,Euphorbia characias
11494,Scan,Prunus laurocerasus
11495,pseudoscan,Gleditsia triacanthos
11496,Scan,Salix alba
11497,pseudoscan,Viburnum opulus
11498,Scan,Corylus avellana
11499,Scan,Corylus avellana
11500,Scan,Olea europaea
11501,pseudoscan,Castanea sativa
11502,pseudoscan,Ailanthus altissima
11503,Scan,Pistacia terebinthus
11504,Scan,Acer campestre
11505,Scan,Quercus ilex
11506,Scan,Pistacia lentiscus
11507,Scan,Tilia platyphyllos
11508,Scan,Acer negundo
11509,photograph,Acer opalus
1151,Scan,Sorbus domestica
11510,Scan,Arbutus unedo
11511,Scan,Salix alba
11512,Scan,Cercis siliquastrum
11513,Scan,Olea europaea
11514,pseudoscan,Ruscus aculeatus
11515,Scan,Olea europaea
11516,pseudoscan,Ulmus minor
11517,Scan,Acer saccharinum
11518,Scan,Juniperus oxycedrus
11519,pseudoscan,Broussonetia papyrifera
11520,pseudoscan,Populus nigra
11521,Scan,Viburnum lantana
11522,Scan,Phillyrea angustifolia
11523,photograph,Laurus nobilis
11524,Scan,Phillyrea angustifolia
11525,photograph,Hedera helix
11526,Scan,Acer monspessulanum
11527,pseudoscan,Ruscus aculeatus
11528,Scan,Malus sylvestris
11529,Scan,Morus nigra
11530,Scan,Corylus avellana
11531,Scan,Olea europaea
11532,Scan,Phillyrea angustifolia
11533,Scan,Fraxinus angustifolia
11534,Scan,Hedera helix
11535,Scan,Ilex aquifolium
11536,Scan,Ligustrum vulgare
11537,Scan,Viburnum lantana
11538,Scan,Nerium oleander
11539,pseudoscan,Acer monspessulanum
11540,Scan,Buxus sempervirens
11541,pseudoscan,Platanus x hispanica
11542,pseudoscan,Cornus mas
11543,Scan,Robinia pseudoacacia
11544,photograph,Juglans regia
11545,Scan,Phillyrea angustifolia
11546,pseudoscan,Euphorbia characias
11547,pseudoscan,Rhus typhina
11548,photograph,Acer campestre
11549,Scan,Ulmus laevis
11550,Scan,Euphorbia characias
11551,Scan,Quercus palustris
11552,photograph,Fraxinus excelsior
11553,photograph,Acer campestre
11554,pseudoscan,Acer negundo
11555,Scan,Olea europaea
11556,Scan,Cotinus coggygria
11557,Scan,Morus alba
11558,photograph,Nerium oleander
11559,pseudoscan,Populus nigra
1156,pseudoscan,Buxus sempervirens
11560,photograph,Gleditsia triacanthos
11561,Scan,Phillyrea angustifolia
11562,photograph,Hedera helix
11563,Scan,Prunus avium
11564,Scan,Capparis spinosa
11565,photograph,Laurus nobilis
11566,Scan,Ruscus aculeatus
11567,pseudoscan,Viburnum opulus
11568,pseudoscan,Ruscus aculeatus
11569,Scan,Liriodendron tulipifera
11570,Scan,Buxus sempervirens
11571,photograph,Alnus glutinosa
1164,Scan,Celtis australis
1168,Scan,Betula utilis var. jacquemontii
1171,Scan,Celtis australis
1174,Scan,Liquidambar styraciflua
1175,pseudoscan,Phillyrea angustifolia
1177,Scan,Sorbus torminalis
1179,pseudoscan,Prunus laurocerasus
118,Scan,Platanus x hispanica
1191,pseudoscan,Populus nigra
1198,pseudoscan,Liquidambar styraciflua
1214,pseudoscan,Ulmus minor
122,Scan,Cerasus mahaleb
1223,Scan,Castanea sativa
1224,pseudoscan,Broussonetia papyrifera
1228,photograph,Ilex aquifolium
1239,pseudoscan,Broussonetia papyrifera
124,photograph,Cercis siliquastrum
1248,pseudoscan,Cercis siliquastrum
1252,photograph,Pittosporum tobira
1254,Scan,Fagus sylvatica
1256,Scan,Euonymus europaeus
126,photograph,Cercis siliquastrum
1263,pseudoscan,Juniperus oxycedrus
1270,pseudoscan,Sorbus aria
1276,photograph,Pittosporum tobira
128,pseudoscan,Populus alba
1280,Scan,Viburnum opulus
129,Scan,Acer campestre
1306,Scan,Acer pseudoplatanus
1311,photograph,Sambucus nigra
1317,pseudoscan,Acer monspessulanum
1328,Scan,Pistacia terebinthus
1332,Scan,Acer negundo
1336,pseudoscan,Phillyrea angustifolia
1340,Scan,Phillyrea angustifolia
1344,Scan,Phillyrea angustifolia
135,Scan,Phillyrea angustifolia
1355,pseudoscan,Rhus coriaria
1357,Scan,Phillyrea angustifolia
1360,Scan,Cercis siliquastrum
1365,Scan,Buxus sempervirens
1368,photograph,Pittosporum tobira
137,pseudoscan,Populus alba
1375,photograph,Crataegus monogyna
1378,pseudoscan,Broussonetia papyrifera
1379,photograph,Laurus nobilis
1380,pseudoscan,Olea europaea
1382,photograph,Acer platanoides
1392,Scan,Castanea sativa
1393,photograph,Sambucus nigra
1397,Scan,Fraxinus ornus
14,photograph,Betula pendula
1403,Scan,Alnus cordata
1404,Scan,Phillyrea angustifolia
1410,Scan,Liquidambar styraciflua
1412,pseudoscan,Ligustrum vulgare
1418,Scan,Acer monspessulanum
1425,Scan,Fraxinus angustifolia
1426,Scan,Robinia pseudoacacia
1427,Scan,Vitex agnus-castus
1431,Scan,Juniperus oxycedrus
1439,Scan,Eriobotrya japonica
144,Scan,Phillyrea angustifolia
1442,Scan,Syringa vulgaris
1446,pseudoscan,Cornus sanguinea
145,pseudoscan,Liquidambar styraciflua
1453,Scan,Ruscus aculeatus
1455,Scan,Cercis siliquastrum
1465,Scan,Phillyrea angustifolia
1469,Scan,Corylus avellana
1471,pseudoscan,Quercus petraea
1474,pseudoscan,Olea europaea
1478,pseudoscan,Daphne cneorum
1487,pseudoscan,Rhus coriaria
1491,Scan,Phillyrea angustifolia
1495,Scan,Platanus x hispanica
1498,Scan,Photinia serrulata
1499,Scan,Betula pendula
150,Scan,Ostrya carpinifolia
1501,pseudoscan,Prunus laurocerasus
1502,pseudoscan,Euphorbia characias
1507,pseudoscan,Rhus coriaria
1510,photograph,Mespilus germanica
1511,pseudoscan,Populus nigra
1517,Scan,Robinia pseudoacacia
1520,Scan,Corylus avellana
1522,Scan,Fraxinus angustifolia
1530,Scan,Fraxinus excelsior
1531,pseudoscan,Alnus glutinosa
1535,Scan,Liquidambar styraciflua
1537,pseudoscan,Ulmus minor
1538,photograph,Carpinus betulus
1541,Scan,Phillyrea angustifolia
1542,Scan,Ligustrum vulgare
1544,Scan,Fraxinus angustifolia
1548,Scan,Celtis australis
1551,Scan,Phillyrea angustifolia
1552,photograph,Acer opalus
1561,Scan,Viburnum opulus
1563,Scan,Phillyrea angustifolia
1573,photograph,Magnolia grandiflora
1574,pseudoscan,Prunus dulcis
1575,photograph,Tilia cordata
1576,pseudoscan,Elaeagnus angustifolia
1577,Scan,Prunus dulcis
1581,pseudoscan,Melia azedarach
1584,Scan,Quercus petraea
1588,photograph,Platanus x hispanica
1589,pseudoscan,Photinia serrulata
1591,photograph,Pistacia lentiscus
1597,Scan,Populus nigra
1599,Scan,Broussonetia papyrifera
1608,photograph,Nerium oleander
1609,pseudoscan,Crataegus monogyna
1611,Scan,Phillyrea angustifolia
1613,Scan,Ruscus aculeatus
1621,pseudoscan,Ruscus aculeatus
1622,pseudoscan,Morus alba
1631,pseudoscan,Liriodendron tulipifera
1635,Scan,Hedera helix
1637,Scan,Celtis australis
1640,pseudoscan,Ruscus aculeatus
1644,Scan,Ruscus aculeatus
1645,Scan,Fraxinus excelsior
1649,pseudoscan,Rhus coriaria
1652,pseudoscan,Rhamnus alaternus
1656,pseudoscan,Juniperus oxycedrus
1661,pseudoscan,Rhamnus alaternus
1663,Scan,Koelreuteria paniculata
1672,Scan,Euphorbia characias
1673,Scan,Juniperus oxycedrus
1676,Scan,Morus alba
1682,Scan,Acer saccharinum
1685,photograph,Mespilus germanica
1686,pseudoscan,Crataegus laevigata
1693,Scan,Pistacia lentiscus
1696,photograph,Hedera helix
1699,Scan,Quercus ilex
17,Scan,Syringa vulgaris
1710,Scan,Robinia pseudoacacia
1712,Scan,Diospyros kaki
1714,Scan,Acer campestre
1715,photograph,Aesculus hippocastanum
1716,photograph,Olea europaea
1726,photograph,Ficus carica
1727,photograph,Pittosporum tobira
1737,Scan,Quercus robur
1739,photograph,Pittosporum tobira
1745,Scan,Quercus ilex
1749,Scan,Acer platanoides
1764,Scan,Liriodendron tulipifera
1767,Scan,Aesculus hippocastanum
1771,photograph,Syringa vulgaris
1773,Scan,Celtis australis
1774,Scan,Cercis siliquastrum
1780,pseudoscan,Robinia pseudoacacia
1783,Scan,Prunus dulcis
1788,Scan,Sophora japonica
1792,photograph,Alnus glutinosa
1794,Scan,Phillyrea angustifolia
1798,Scan,Quercus petraea
180,pseudoscan,Ulmus minor
1809,Scan,Gleditsia triacanthos
1811,Scan,Acer opalus
1820,Scan,Ruscus aculeatus
1840,Scan,Salix alba
1850,pseudoscan,Cornus sanguinea
1851,Scan,Capparis spinosa
1852,Scan,Pistacia lentiscus
1855,Scan,Corylus avellana
1859,pseudoscan,Populus nigra
1867,Scan,Carpinus betulus
1869,photograph,Acer monspessulanum
1870,photograph,Pistacia terebinthus
1872,Scan,Olea europaea
1873,photograph,Viburnum tinus
1876,Scan,Pistacia lentiscus
1877,Scan,Phillyrea angustifolia
1881,Scan,Cotinus coggygria
1884,photograph,Hedera helix
1887,Scan,Betula utilis var. jacquemontii
1892,Scan,Quercus ilex
1893,photograph,Broussonetia papyrifera
1894,pseudoscan,Robinia pseudoacacia
1905,Scan,Olea europaea
1912,Scan,Phillyrea angustifolia
193,pseudoscan,Laurus nobilis
1931,Scan,Phillyrea angustifolia
1934,pseudoscan,Ruscus aculeatus
1939,Scan,Nerium oleander
1946,Scan,Phillyrea angustifolia
1949,pseudoscan,Rhus coriaria
1953,Scan,Robinia pseudoacacia
1955,pseudoscan,Ruscus aculeatus
1957,Scan,Fraxinus ornus
1959,pseudoscan,Elaeagnus angustifolia
1961,Scan,Pittosporum tobira
1970,pseudoscan,Ulmus minor
1971,Scan,Liquidambar styraciflua
1975,Scan,Juniperus oxycedrus
1986,pseudoscan,Fraxinus excelsior
1996,pseudoscan,Gleditsia triacanthos
1997,Scan,Phillyrea angustifolia
2,Scan,Alnus cordata
2002,pseudoscan,Ulmus minor
2011,pseudoscan,Pittosporum tenuifolium
2017,photograph,Viburnum tinus
2032,Scan,Pistacia terebinthus
2035,pseudoscan,Acer negundo
2049,Scan,Cercis siliquastrum
2051,Scan,Juniperus oxycedrus
2053,Scan,Prunus dulcis
2058,pseudoscan,Ruscus aculeatus
2065,Scan,Buxus sempervirens
2069,pseudoscan,Prunus dulcis
2073,Scan,Quercus cerris
2074,Scan,Alnus cordata
2080,pseudoscan,Punica granatum
2081,photograph,Punica granatum
2087,photograph,Acer pseudoplatanus
2089,Scan,Pistacia lentiscus
2098,photograph,Broussonetia papyrifera
2099,photograph,Pistacia terebinthus
210,photograph,Hedera helix
2111,Scan,Phillyrea angustifolia
2112,Scan,Quercus robur
2118,Scan,Phillyrea angustifolia
2127,photograph,Sorbus intermedia
2132,Scan,Acer negundo
2138,Scan,Celtis australis
2141,photograph,Crataegus monogyna
2155,Scan,Corylus avellana
2159,pseudoscan,Hedera helix
2170,Scan,Phillyrea angustifolia
2175,Scan,Hedera helix
2186,Scan,Alnus cordata
2192,Scan,Juglans regia
2207,Scan,Cercis siliquastrum
221,Scan,Phillyrea angustifolia
2214,Scan,Quercus petraea
2224,photograph,Laburnum anagyroides
2229,Scan,Celtis australis
223,Scan,Fraxinus ornus
2232,Scan,Carpinus betulus
2233,photograph,Acer monspessulanum
2234,Scan,Prunus dulcis
2237,Scan,Quercus palustris
224,Scan,Ligustrum vulgare
2240,photograph,Platanus x hispanica
2241,pseudoscan,Euphorbia characias
2243,Scan,Prunus dulcis
2248,Scan,Acer campestre
2250,pseudoscan,Elaeagnus angustifolia
2251,Scan,Phillyrea angustifolia
2258,pseudoscan,Phillyrea angustifolia
226,photograph,Acer platanoides
2261,Scan,Acer campestre
2266,Scan,Salix caprea
2267,Scan,Phillyrea angustifolia
227,photograph,Pistacia lentiscus
2270,Scan,Phillyrea angustifolia
2271,Scan,Acer negundo
228,photograph,Sorbus intermedia
2280,photograph,Acer platanoides
2283,Scan,Phillyrea angustifolia
2291,photograph,Aesculus hippocastanum
2292,pseudoscan,Liquidambar styraciflua
2300,Scan,Prunus avium
2307,photograph,Sambucus nigra
2310,Scan,Quercus petraea
2311,Scan,Phillyrea angustifolia
2312,photograph,Nerium oleander
2315,Scan,Acer negundo
2320,Scan,Acer saccharinum
2321,photograph,Broussonetia papyrifera
2324,photograph,Robinia pseudoacacia
2330,Scan,Robinia pseudoacacia
2335,Scan,Phillyrea angustifolia
2340,Scan,Morus alba
2344,photograph,Pistacia lentiscus
2351,Scan,Juniperus oxycedrus
2355,pseudoscan,Hedera helix
2358,photograph,Alnus glutinosa
2363,Scan,Cercis siliquastrum
2364,pseudoscan,Populus alba
2365,Scan,Corylus avellana
2370,Scan,Celtis australis
238,Scan,Populus tremula
2381,Scan,Acer campestre
2383,Scan,Phillyrea angustifolia
2395,pseudoscan,Elaeagnus angustifolia
2396,pseudoscan,Euphorbia characias
2408,Scan,Quercus robur
241,pseudoscan,Rhus coriaria
2412,pseudoscan,Prunus avium
2414,Scan,Frangula dodonei
2417,Scan,Corylus avellana
2422,Scan,Prunus dulcis
2423,pseudoscan,Hedera helix
2428,Scan,Olea europaea
2438,Scan,Cercis siliquastrum
2442,Scan,Celtis australis
2449,Scan,Populus tremula
245,Scan,Vitex agnus-castus
2457,Scan,Acer campestre
2459,Scan,Pistacia lentiscus
2461,Scan,Acer monspessulanum
2465,pseudoscan,Phillyrea angustifolia
2472,Scan,Prunus dulcis
2476,Scan,Prunus laurocerasus
248,Scan,Morus alba
249,pseudoscan,Cornus mas
2491,Scan,Robinia pseudoacacia
2493,Scan,Hedera helix
2494,Scan,Tilia platyphyllos
2496,photograph,Ginkgo biloba
2509,Scan,Phillyrea angustifolia
2517,pseudoscan,Ruscus aculeatus
2518,Scan,Sorbus latifolia
2519,Scan,Aesculus hippocastanum
2526,Scan,Quercus petraea
2527,Scan,Betula pubescens
2532,photograph,Ulmus minor
2539,Scan,Acer campestre
2544,Scan,Corylus avellana
2547,Scan,Quercus cerris
2557,Scan,Acer campestre
2562,Scan,Phillyrea angustifolia
2565,photograph,Celtis australis
2569,Scan,Phillyrea angustifolia
2577,photograph,Laurus nobilis
2578,photograph,Hedera helix
2579,pseudoscan,Ulmus minor
2580,pseudoscan,Quercus pubescens
2584,Scan,Fraxinus ornus
2586,Scan,Celtis australis
2589,Scan,Juniperus oxycedrus
2598,pseudoscan,Ulmus minor
2599,pseudoscan,Ulmus minor
2608,Scan,Celtis australis
2611,Scan,Quercus petraea
2613,Scan,Cercis siliquastrum
2619,Scan,Viburnum tinus
2620,Scan,Salix alba
2622,Scan,Pistacia terebinthus
263,Scan,Phillyrea angustifolia
2637,Scan,Rhamnus alaternus
2639,Scan,Phillyrea angustifolia
264,Scan,Viburnum opulus
2643,photograph,Ficus carica
2646,pseudoscan,Ruscus aculeatus
2648,pseudoscan,Euphorbia characias
2650,pseudoscan,Populus alba
2652,Scan,Phillyrea angustifolia
2655,pseudoscan,Liquidambar styraciflua
2661,Scan,Cornus sanguinea
2666,Scan,Quercus petraea
2668,photograph,Prunus serrulata
267,Scan,Ulmus minor
2680,photograph,Acer campestre
2683,Scan,Liquidambar styraciflua
2685,pseudoscan,Crataegus laevigata
2688,Scan,Diospyros kaki
2692,photograph,Nerium oleander
2694,Scan,Juniperus oxycedrus
2697,Scan,Quercus cerris
27,Scan,Carpinus betulus
2704,pseudoscan,Viburnum opulus
2709,Scan,Liquidambar styraciflua
2710,Scan,Sorbus torminalis
2712,Scan,Morus alba
2715,pseudoscan,Ruscus aculeatus
2717,Scan,Quercus ilex
2719,Scan,Alnus glutinosa
2720,Scan,Populus tremula
2726,photograph,Nerium oleander
2734,pseudoscan,Acer monspessulanum
2759,photograph,Juglans nigra
2765,Scan,Phillyrea angustifolia
2766,pseudoscan,Phillyrea angustifolia
277,pseudoscan,Buddleja davidii
2781,Scan,Cornus sanguinea
2784,pseudoscan,Daphne cneorum
2786,Scan,Morus alba
2790,Scan,Phillyrea angustifolia
2798,photograph,Carpinus betulus
2802,Scan,Viburnum lantana
2808,Scan,Phillyrea angustifolia
2811,pseudoscan,Broussonetia papyrifera
2816,Scan,Ulmus laevis
2817,Scan,Prunus laurocerasus
283,pseudoscan,Crataegus monogyna
2834,Scan,Acer monspessulanum
2837,pseudoscan,Populus alba
2852,Scan,Hedera helix
2857,pseudoscan,Pittosporum tobira
2860,photograph,Viburnum tinus
2863,pseudoscan,Prunus laurocerasus
2866,Scan,Sorbus intermedia
287,Scan,Ligustrum vulgare
2873,Scan,Populus nigra
2874,Scan,Hedera helix
2877,Scan,Sorbus intermedia
2879,Scan,Populus alba
2883,pseudoscan,Hedera helix
2884,pseudoscan,Acer monspessulanum
2891,Scan,Phillyrea angustifolia
2893,pseudoscan,Populus nigra
2895,photograph,Platanus x hispanica
2896,pseudoscan,Ruscus aculeatus
2897,Scan,Sambucus nigra
2913,pseudoscan,Olea europaea
2914,Scan,Betula pubescens
2915,Scan,Prunus padus
2916,pseudoscan,Populus alba
2922,pseudoscan,Carpinus betulus
2926,photograph,Hedera helix
2927,pseudoscan,Ruscus aculeatus
2928,pseudoscan,Pittosporum tobira
2929,pseudoscan,Olea europaea
2947,Scan,Sorbus domestica
2948,Scan,Platanus x hispanica
2955,pseudoscan,Carpinus betulus
2958,Scan,Ulmus laevis
2959,Scan,Buxus sempervirens
2960,Scan,Carpinus betulus
2971,Scan,Tilia platyphyllos
2987,pseudoscan,Populus nigra
299,photograph,Sambucus nigra
2993,photograph,Ilex aquifolium
2994,Scan,Cercis siliquastrum
3001,pseudoscan,Phillyrea angustifolia
3002,Scan,Phillyrea angustifolia
3004,Scan,Cornus sanguinea
3005,Scan,Sorbus domestica
301,photograph,Nerium oleander
3017,Scan,Betula pubescens
3020,pseudoscan,Euphorbia characias
3023,pseudoscan,Rhus coriaria
3034,pseudoscan,Viburnum tinus
304,Scan,Juniperus oxycedrus
3047,photograph,Fraxinus ornus
3053,pseudoscan,Pistacia lentiscus
3054,Scan,Viburnum opulus
3060,Scan,Quercus ilex
3067,pseudoscan,Populus alba
3075,Scan,Acer campestre
3083,pseudoscan,Populus alba
3085,photograph,Ulmus minor
3087,Scan,Cotinus coggygria
3099,Scan,Acer monspessulanum
3101,Scan,Juglans regia
311,Scan,Juniperus oxycedrus
3117,Scan,Platanus x hispanica
312,pseudoscan,Quercus petraea
3130,Scan,Alnus cordata
3134,Scan,Juniperus oxycedrus
3138,photograph,Acer monspessulanum
314,Scan,Euonymus europaeus
3151,Scan,Diospyros kaki
3152,Scan,Ruscus aculeatus
3160,pseudoscan,Hedera helix
3167,pseudoscan,Laurus nobilis
3169,Scan,Alnus cordata
317,Scan,Olea europaea
322,Scan,Phillyrea angustifolia
3224,pseudoscan,Pittosporum tenuifolium
3231,Scan,Acer campestre
324,Scan,Morus alba
3244,Scan,Photinia serrulata
3246,Scan,Pistacia lentiscus
3254,pseudoscan,Phillyrea angustifolia
3256,Scan,Diospyros kaki
3257,pseudoscan,Prunus laurocerasus
3262,Scan,Euphorbia characias
3264,Scan,Cercis siliquastrum
3268,Scan,Ruscus aculeatus
3269,photograph,Acer platanoides
3274,Scan,Betula pendula
3275,photograph,Ailanthus altissima
3276,Scan,Phillyrea angustifolia
3277,Scan,Acer pseudoplatanus
3297,Scan,Populus trichocarpa
33,photograph,Acer pseudoplatanus
3309,pseudoscan,Syringa vulgaris
3312,Scan,Capparis spinosa
3315,Scan,Buxus sempervirens
3318,pseudoscan,Quercus ilex
3320,pseudoscan,Acer negundo
3344,pseudoscan,Populus alba
3348,pseudoscan,Hedera helix
3351,Scan,Phillyrea angustifolia
3355,Scan,Morus alba
3356,Scan,Juniperus oxycedrus
3360,pseudoscan,Crataegus monogyna
3361,Scan,Cerasus mahaleb
3363,pseudoscan,Acer negundo
3367,Scan,Sophora japonica
337,Scan,Celtis australis
3371,Scan,Phillyrea angustifolia
3372,pseudoscan,Broussonetia papyrifera
3374,Scan,Ruscus aculeatus
3382,Scan,Quercus petraea
3387,pseudoscan,Populus nigra
3390,Scan,Sorbus domestica
3392,photograph,Pittosporum tobira
3399,Scan,Quercus robur
34,Scan,Acer monspessulanum
3402,pseudoscan,Crataegus monogyna
341,photograph,Corylus avellana
3414,Scan,Hedera helix
3421,Scan,Ficus carica
3424,pseudoscan,Sorbus aria
3430,Scan,Prunus laurocerasus
3433,pseudoscan,Punica granatum
3445,Scan,Quercus petraea
3449,Scan,Prunus dulcis
3460,Scan,Liriodendron tulipifera
3465,Scan,Ruscus aculeatus
3478,Scan,Populus alba
3489,Scan,Acer monspessulanum
3495,Scan,Ficus carica
3496,Scan,Prunus avium
3499,pseudoscan,Ulmus minor
35,pseudoscan,Prunus laurocerasus
3501,pseudoscan,Populus alba
3504,Scan,Magnolia grandiflora
3508,Scan,Corylus avellana
3517,pseudoscan,Quercus ilex
3520,pseudoscan,Populus nigra
3522,Scan,Ficus carica
3524,pseudoscan,Phillyrea angustifolia
3525,Scan,Salix fragilis
3526,Scan,Castanea sativa
3527,Scan,Olea europaea
3529,pseudoscan,Carpinus betulus
3530,photograph,Pittosporum tobira
3531,Scan,Rhamnus cathartica
3534,Scan,Crataegus monogyna
3535,pseudoscan,Ulmus minor
3541,Scan,Viburnum opulus
3542,Scan,Gleditsia triacanthos
3544,Scan,Populus tremula
3547,pseudoscan,Ulmus minor
3549,photograph,Acer campestre
3550,Scan,Phillyrea angustifolia
3551,Scan,Castanea sativa
3554,photograph,Olea europaea
3560,photograph,Castanea sativa
3561,Scan,Sorbus domestica
3567,Scan,Phillyrea angustifolia
357,photograph,Ficus carica
3571,pseudoscan,Buddleja davidii
3575,pseudoscan,Viburnum tinus
3578,Scan,Viburnum opulus
3584,Scan,Euphorbia characias
3589,photograph,Olea europaea
3594,pseudoscan,Cornus sanguinea
360,Scan,Phillyrea angustifolia
3604,Scan,Pittosporum tobira
3619,Scan,Prunus spinosa
3621,Scan,Phillyrea angustifolia
3629,Scan,Hedera helix
3634,pseudoscan,Crataegus monogyna
3639,Scan,Phillyrea angustifolia
3643,photograph,Nerium oleander
3646,photograph,Hedera helix
3650,pseudoscan,Phillyrea angustifolia
3651,pseudoscan,Fraxinus angustifolia
3653,pseudoscan,Cotinus coggygria
3657,photograph,Sorbus intermedia
3659,Scan,Acer campestre
3662,Scan,Aesculus hippocastanum
3665,photograph,Ulmus minor
3667,pseudoscan,Pittosporum tobira
3671,Scan,Broussonetia papyrifera
3672,pseudoscan,Acer opalus
3676,Scan,Corylus avellana
3677,Scan,Quercus cerris
3685,Scan,Prunus laurocerasus
3686,pseudoscan,Quercus pubescens
3700,Scan,Morus alba
3702,photograph,Quercus pubescens
3704,Scan,Rhamnus cathartica
3706,pseudoscan,Ruscus aculeatus
3709,pseudoscan,Olea europaea
3710,Scan,Quercus ilex
3712,pseudoscan,Magnolia grandiflora
3715,photograph,Hedera helix
3717,photograph,Laurus nobilis
3718,pseudoscan,Populus alba
3719,photograph,Pistacia lentiscus
3720,pseudoscan,Buxus sempervirens
3729,Scan,Fraxinus angustifolia
3731,Scan,Prunus avium
3735,pseudoscan,Ailanthus altissima
3737,Scan,Laurus nobilis
3739,pseudoscan,Crataegus monogyna
3740,Scan,Acer campestre
3750,pseudoscan,Prunus dulcis
3751,pseudoscan,Corylus avellana
3755,pseudoscan,Cornus mas
3764,Scan,Arbutus unedo
3765,Scan,Ruscus aculeatus
3770,photograph,Magnolia grandiflora
3782,Scan,Robinia pseudoacacia
3783,Scan,Buxus sempervirens
3787,Scan,Viburnum tinus
3789,photograph,Robinia pseudoacacia
3796,pseudoscan,Quercus palustris
38,Scan,Phillyrea angustifolia
380,Scan,Buxus sempervirens
3800,Scan,Acer campestre
3804,photograph,Pittosporum tobira
3810,pseudoscan,Crataegus monogyna
3814,pseudoscan,Cornus sanguinea
3828,pseudoscan,Pittosporum tenuifolium
3835,Scan,Buxus sempervirens
3842,Scan,Phillyrea angustifolia
3849,Scan,Sorbus torminalis
3856,Scan,Celtis australis
3860,Scan,Sambucus nigra
3861,pseudoscan,Phillyrea angustifolia
3863,pseudoscan,Phillyrea angustifolia
387,photograph,Juglans nigra
3875,photograph,Platanus x hispanica
3879,pseudoscan,Sorbus aria
3883,Scan,Celtis australis
3888,pseudoscan,Ulmus minor
3892,Scan,Corylus avellana
39,Scan,Acer campestre
3900,Scan,Celtis australis
3905,Scan,Ficus carica
3912,photograph,Pittosporum tobira
3913,Scan,Quercus robur
3918,photograph,Pittosporum tobira
3924,Scan,Celtis australis
3926,pseudoscan,Hedera helix
3932,Scan,Cercis siliquastrum
3941,photograph,Sambucus nigra
3943,photograph,Mespilus germanica
3944,Scan,Liriodendron tulipifera
3945,photograph,Celtis australis
3946,photograph,Platanus x hispanica
3949,Scan,Populus tremula
3952,photograph,Celtis australis
3955,pseudoscan,Juniperus oxycedrus
3957,Scan,Populus tremula
3962,pseudoscan,Acer pseudoplatanus
3973,pseudoscan,Quercus ilex
3975,Scan,Hedera helix
399,Scan,Sorbus torminalis
3991,Scan,Morus alba
3992,Scan,Cotinus coggygria
3995,pseudoscan,Ulmus minor
3996,Scan,Morus alba
3997,Scan,Euphorbia characias
400,Scan,Viburnum lantana
4002,Scan,Sorbus latifolia
4012,Scan,Betula pendula
4034,pseudoscan,Ulmus minor
4036,pseudoscan,Acer platanoides
4037,Scan,Euphorbia characias
4038,Scan,Olea europaea
4042,Scan,Hedera helix
4045,pseudoscan,Celtis australis
4051,Scan,Phillyrea angustifolia
4055,pseudoscan,Prunus avium
4062,Scan,Cornus sanguinea
4066,photograph,Laurus nobilis
4071,Scan,Ulmus minor
4075,photograph,Celtis australis
4076,Scan,Olea europaea
4082,Scan,Celtis australis
4083,pseudoscan,Ruscus aculeatus
4085,Scan,Acer campestre
4086,pseudoscan,Hedera helix
4092,Scan,Fraxinus excelsior
4095,pseudoscan,Quercus palustris
4099,Scan,Castanea sativa
4116,pseudoscan,Euphorbia characias
4125,Scan,Ruscus aculeatus
4126,Scan,Phillyrea angustifolia
4127,Scan,Ruscus aculeatus
4129,Scan,Corylus avellana
4134,pseudoscan,Ruscus aculeatus
4138,Scan,Corylus avellana
4145,Scan,Liriodendron tulipifera
4148,photograph,Hedera helix
4149,Scan,Broussonetia papyrifera
4153,pseudoscan,Crataegus laevigata
416,pseudoscan,Crataegus monogyna
4166,Scan,Quercus cerris
4173,Scan,Capparis spinosa
4176,photograph,Alnus glutinosa
418,Scan,Prunus avium
4182,Scan,Pistacia terebinthus
4188,photograph,Pittosporum tobira
4189,Scan,Punica granatum
419,pseudoscan,Sorbus aria
4196,pseudoscan,Buddleja davidii
4201,Scan,Vitex agnus-castus
4213,photograph,Fraxinus ornus
4220,Scan,Viburnum tinus
4223,Scan,Quercus petraea
4225,Scan,Viburnum opulus
4239,photograph,Sambucus nigra
4240,pseudoscan,Ilex aquifolium
4258,Scan,Buxus sempervirens
4262,pseudoscan,Euphorbia characias
4268,Scan,Acer monspessulanum
4270,Scan,Platanus x hispanica
4277,photograph,Robinia pseudoacacia
4278,pseudoscan,Broussonetia papyrifera
4281,Scan,Corylus avellana
4283,photograph,Robinia pseudoacacia
4285,pseudoscan,Arbutus unedo
4286,pseudoscan,Ruscus aculeatus
4290,pseudoscan,Pittosporum tenuifolium
4291,photograph,Fraxinus ornus
4292,pseudoscan,Acer monspessulanum
4294,pseudoscan,Phillyrea angustifolia
4295,Scan,Rhamnus cathartica
430,pseudoscan,Ruscus aculeatus
4304,Scan,Castanea sativa
4327,Scan,Capparis spinosa
4328,Scan,Phillyrea angustifolia
4336,Scan,Buxus sempervirens
4343,Scan,Cotinus coggygria
4347,Scan,Rhamnus cathartica
4348,pseudoscan,Viburnum tinus
436,pseudoscan,Punica granatum
4360,Scan,Acer campestre
4365,pseudoscan,Viburnum opulus
4367,pseudoscan,Quercus pubescens
437,Scan,Hedera helix
4377,Scan,Euphorbia characias
438,photograph,Nerium oleander
4380,Scan,Populus alba
4381,Scan,Laburnum anagyroides
4382,Scan,Quercus ilex
4390,Scan,Laurus nobilis
4391,Scan,Viburnum tinus
4394,Scan,Euphorbia characias
4412,Scan,Quercus rubra
4416,Scan,Celtis australis
4417,pseudoscan,Ruscus aculeatus
4419,pseudoscan,Ulmus minor
4421,Scan,Acer negundo
4426,pseudoscan,Rhus typhina
4427,Scan,Acer campestre
4434,Scan,Sorbus torminalis
4437,Scan,Syringa vulgaris
4444,Scan,Robinia pseudoacacia
4451,photograph,Sorbus intermedia
4452,Scan,Phillyrea angustifolia
4459,Scan,Buxus sempervirens
4463,Scan,Ficus carica
447,photograph,Robinia pseudoacacia
4475,Scan,Buxus sempervirens
4479,photograph,Corylus avellana
4483,pseudoscan,Elaeagnus angustifolia
4488,pseudoscan,Pittosporum tenuifolium
4489,Scan,Punica granatum
4493,pseudoscan,Phillyrea angustifolia
4496,pseudoscan,Rhus coriaria
4498,pseudoscan,Prunus dulcis
4499,photograph,Cornus sanguinea
4513,Scan,Juniperus oxycedrus
4514,Scan,Ulmus minor
452,pseudoscan,Rhus coriaria
4524,Scan,Acer platanoides
4528,Scan,Phillyrea angustifolia
4536,Scan,Frangula dodonei
4545,Scan,Phillyrea angustifolia
4547,photograph,Pittosporum tobira
4551,Scan,Buddleja davidii
4565,Scan,Acer campestre
457,pseudoscan,Photinia serrulata
4570,pseudoscan,Ailanthus altissima
4580,pseudoscan,Pittosporum tenuifolium
4589,pseudoscan,Buxus sempervirens
4593,Scan,Corylus avellana
4603,Scan,Hedera helix
4607,Scan,Quercus cerris
4611,Scan,Fraxinus angustifolia
4617,Scan,Betula utilis var. jacquemontii
4618,photograph,Pistacia lentiscus
4621,Scan,Buxus sempervirens
4628,Scan,Euonymus europaeus
4635,Scan,Capparis spinosa
4646,pseudoscan,Viburnum tinus
4661,Scan,Olea europaea
4668,photograph,Pistacia terebinthus
4671,Scan,Ulmus minor
4676,Scan,Acer saccharinum
4678,photograph,Ailanthus altissima
4680,Scan,Acer negundo
4681,Scan,Quercus petraea
4688,photograph,Sorbus intermedia
4697,Scan,Viburnum opulus
4699,Scan,Sorbus torminalis
47,Scan,Sorbus intermedia
4701,photograph,Juglans nigra
4705,photograph,Diospyros kaki
4710,pseudoscan,Prunus avium
4717,photograph,Pittosporum tobira
4718,Scan,Fraxinus ornus
4724,pseudoscan,Quercus petraea
4729,Scan,Phillyrea angustifolia
4736,pseudoscan,Photinia serrulata
4737,Scan,Cotinus coggygria
4746,photograph,Cercis siliquastrum
475,pseudoscan,Ruscus aculeatus
4751,pseudoscan,Ruscus aculeatus
4752,pseudoscan,Platanus x hispanica
4765,Scan,Alnus cordata
4770,Scan,Hedera helix
4782,Scan,Ulmus minor
4787,Scan,Olea europaea
4797,photograph,Eriobotrya japonica
48,pseudoscan,Populus alba
4807,pseudoscan,Crataegus monogyna
4809,photograph,Cercis siliquastrum
4822,Scan,Castanea sativa
4824,Scan,Acer campestre
4835,photograph,Magnolia grandiflora
4839,Scan,Phillyrea angustifolia
4842,pseudoscan,Phillyrea angustifolia
4860,Scan,Nerium oleander
4865,pseudoscan,Phillyrea angustifolia
4870,Scan,Acer negundo
4872,pseudoscan,Quercus pubescens
4874,photograph,Juglans nigra
4881,pseudoscan,Prunus laurocerasus
4884,pseudoscan,Ruscus aculeatus
4892,Scan,Populus nigra
4896,Scan,Castanea sativa
4898,photograph,Pistacia terebinthus
4902,photograph,Cotinus coggygria
4908,Scan,Fraxinus ornus
491,Scan,Juniperus oxycedrus
4910,photograph,Diospyros kaki
4911,Scan,Phillyrea angustifolia
492,pseudoscan,Ruscus aculeatus
4921,pseudoscan,Ulmus minor
4942,pseudoscan,Acer opalus
4944,Scan,Ficus carica
4945,Scan,Celtis australis
4946,pseudoscan,Ulmus minor
4954,Scan,Quercus ilex
4956,Scan,Sambucus nigra
4962,photograph,Magnolia grandiflora
4964,Scan,Acer campestre
4973,photograph,Sorbus intermedia
4988,Scan,Acer campestre
4990,Scan,Quercus petraea
4998,Scan,Phillyrea angustifolia
500,Scan,Ginkgo biloba
5004,Scan,Phillyrea angustifolia
5012,Scan,Juniperus oxycedrus
5015,pseudoscan,Phillyrea angustifolia
5019,pseudoscan,Rhus coriaria
5020,Scan,Corylus avellana
5025,pseudoscan,Ginkgo biloba
503,pseudoscan,Ruscus aculeatus
5031,photograph,Aesculus hippocastanum
5039,Scan,Frangula dodonei
5043,Scan,Phillyrea angustifolia
5045,pseudoscan,Alnus glutinosa
5056,photograph,Cotinus coggygria
5057,pseudoscan,Ligustrum vulgare
5066,pseudoscan,Elaeagnus angustifolia
5069,pseudoscan,Fraxinus excelsior
5071,Scan,Populus tremula
5078,photograph,Olea europaea
5079,pseudoscan,Quercus palustris
5089,Scan,Hedera helix
5093,pseudoscan,Sorbus aria
5098,Scan,Viburnum opulus
5105,pseudoscan,Rhus typhina
5114,photograph,Pistacia lentiscus
5121,photograph,Acer platanoides
5123,photograph,Carpinus betulus
5124,Scan,Buxus sempervirens
5130,pseudoscan,Populus alba
5133,pseudoscan,Magnolia grandiflora
5134,Scan,Sophora japonica
5142,Scan,Prunus spinosa
5145,Scan,Nerium oleander
5152,Scan,Alnus cordata
5158,photograph,Cotinus coggygria
5163,pseudoscan,Ruscus aculeatus
5164,pseudoscan,Prunus dulcis
5172,Scan,Acer negundo
518,Scan,Phillyrea angustifolia
5190,Scan,Arbutus unedo
5194,pseudoscan,Pittosporum tobira
5197,Scan,Pittosporum tobira
5200,pseudoscan,Ginkgo biloba
5201,Scan,Hedera helix
5207,Scan,Ulmus laevis
521,Scan,Hedera helix
5211,Scan,Ruscus aculeatus
5228,pseudoscan,Magnolia grandiflora
523,Scan,Phillyrea angustifolia
5233,pseudoscan,Hedera helix
5236,Scan,Juniperus oxycedrus
5237,Scan,Populus tremula
5245,Scan,Viburnum tinus
5246,pseudoscan,Populus alba
5252,Scan,Rhamnus cathartica
5254,photograph,Hedera helix
5257,pseudoscan,Ruscus aculeatus
5262,Scan,Gleditsia triacanthos
5263,pseudoscan,Photinia serrulata
5264,pseudoscan,Cornus mas
527,pseudoscan,Juniperus oxycedrus
5277,Scan,Phillyrea angustifolia
5289,Scan,Corylus avellana
5292,Scan,Hedera helix
5303,Scan,Buxus sempervirens
5313,pseudoscan,Punica granatum
5327,photograph,Acer opalus
5343,Scan,Populus alba
5347,Scan,Sambucus nigra
5348,Scan,Diospyros kaki
535,pseudoscan,Liquidambar styraciflua
5350,pseudoscan,Prunus laurocerasus
5365,pseudoscan,Crataegus laevigata
5370,pseudoscan,Crataegus monogyna
5371,Scan,Phillyrea angustifolia
5374,pseudoscan,Pittosporum tobira
5375,photograph,Laurus nobilis
5376,pseudoscan,Rhus coriaria
5377,pseudoscan,Pittosporum tobira
5382,Scan,Olea europaea
5392,Scan,Prunus avium
5393,Scan,Celtis australis
5394,Scan,Photinia serrulata
5397,photograph,Pittosporum tobira
5402,photograph,Juglans regia
5403,pseudoscan,Cornus sanguinea
542,Scan,Phillyrea angustifolia
5423,pseudoscan,Rhus coriaria
5424,Scan,Cornus mas
5425,Scan,Phillyrea angustifolia
5426,Scan,Liquidambar styraciflua
543,Scan,Celtis australis
5431,Scan,Ostrya carpinifolia
544,pseudoscan,Alnus glutinosa
5450,photograph,Fagus sylvatica
5453,Scan,Viburnum tinus
546,Scan,Phillyrea angustifolia
5461,Scan,Robinia pseudoacacia
5465,pseudoscan,Magnolia grandiflora
5466,Scan,Corylus avellana
5467,Scan,Viburnum tinus
5471,Scan,Ostrya carpinifolia
5473,Scan,Viburnum tinus
5476,pseudoscan,Magnolia grandiflora
5477,Scan,Alnus cordata
5478,Scan,Olea europaea
5484,Scan,Celtis australis
5487,pseudoscan,Acer opalus
5491,Scan,Prunus laurocerasus
5496,Scan,Ruscus aculeatus
55,pseudoscan,Syringa vulgaris
5500,Scan,Vitex agnus-castus
5502,Scan,Phillyrea angustifolia
551,pseudoscan,Ulmus minor
5517,pseudoscan,Ruscus aculeatus
5520,Scan,Juglans regia
5525,Scan,Koelreuteria paniculata
5530,Scan,Phillyrea angustifolia
5536,pseudoscan,Populus nigra
5537,Scan,Phillyrea angustifolia
5538,pseudoscan,Ulmus minor
5540,pseudoscan,Buddleja davidii
5541,Scan,Syringa vulgaris
555,Scan,Carpinus betulus
5556,photograph,Syringa vulgaris
5560,pseudoscan,Ulmus minor
5562,Scan,Pistacia terebinthus
5577,photograph,Melia azedarach
5587,pseudoscan,Populus alba
5589,Scan,Ostrya carpinifolia
559,pseudoscan,Gleditsia triacanthos
5590,pseudoscan,Phillyrea angustifolia
5591,Scan,Capparis spinosa
5594,Scan,Juniperus oxycedrus
5597,Scan,Castanea sativa
5598,Scan,Quercus ilex
5602,Scan,Juniperus oxycedrus
5606,Scan,Populus tremula
5608,Scan,Pistacia lentiscus
5611,Scan,Juglans regia
5612,Scan,Acer campestre
5622,photograph,Aesculus hippocastanum
5623,Scan,Phillyrea angustifolia
563,pseudoscan,Buddleja davidii
5631,Scan,Prunus padus
5632,Scan,Acer campestre
5633,pseudoscan,Rhus typhina
5639,Scan,Corylus avellana
5644,Scan,Hedera helix
5647,pseudoscan,Ruscus aculeatus
5650,Scan,Populus nigra
5654,photograph,Pittosporum tobira
566,Scan,Acer monspessulanum
5664,pseudoscan,Sophora japonica
5678,Scan,Hedera helix
568,pseudoscan,Juniperus oxycedrus
5680,photograph,Robinia pseudoacacia
5683,Scan,Phillyrea angustifolia
5685,Scan,Olea europaea
5696,Scan,Populus nigra
57,Scan,Pittosporum tobira
5702,Scan,Viburnum lantana
5707,Scan,Viburnum tinus
5710,Scan,Cercis siliquastrum
5713,photograph,Corylus avellana
5715,Scan,Acer monspessulanum
5718,Scan,Morus alba
5729,Scan,Phillyrea angustifolia
5733,Scan,Hedera helix
5734,Scan,Buxus sempervirens
5737,pseudoscan,Sorbus aria
5738,photograph,Olea europaea
5739,Scan,Sorbus intermedia
5751,Scan,Celtis australis
5753,pseudoscan,Viburnum tinus
5754,Scan,Pistacia lentiscus
5756,Scan,Acer monspessulanum
5762,Scan,Phillyrea angustifolia
5766,photograph,Aesculus hippocastanum
5768,pseudoscan,Ruscus aculeatus
5772,Scan,Olea europaea
5780,Scan,Cornus mas
5798,Scan,Castanea sativa
5799,Scan,Laurus nobilis
580,Scan,Betula utilis var. jacquemontii
5801,photograph,Broussonetia papyrifera
5802,Scan,Ulmus laevis
5803,photograph,Pistacia terebinthus
581,pseudoscan,Crataegus laevigata
5818,photograph,Sophora japonica
5829,pseudoscan,Nerium oleander
583,photograph,Magnolia grandiflora
5834,photograph,Prunus serrulata
5837,photograph,Sophora japonica
5846,photograph,Sambucus nigra
5847,photograph,Carpinus betulus
5849,Scan,Viburnum tinus
585,pseudoscan,Liriodendron tulipifera
5874,Scan,Phillyrea angustifolia
5876,Scan,Corylus avellana
5877,pseudoscan,Pittosporum tenuifolium
5884,Scan,Aesculus hippocastanum
589,pseudoscan,Photinia serrulata
5890,pseudoscan,Platanus x hispanica
5891,pseudoscan,Quercus pubescens
5906,photograph,Ilex aquifolium
5920,pseudoscan,Daphne cneorum
5921,photograph,Hedera helix
5922,Scan,Betula pubescens
5937,Scan,Phillyrea angustifolia
5939,pseudoscan,Photinia serrulata
5944,Scan,Fraxinus angustifolia
5946,Scan,Aesculus hippocastanum
5949,Scan,Liquidambar styraciflua
595,Scan,Juglans nigra
5952,pseudoscan,Populus alba
5960,pseudoscan,Ulmus minor
5963,Scan,Robinia pseudoacacia
5964,Scan,Acer pseudoplatanus
5973,Scan,Buxus sempervirens
5975,photograph,Platanus x hispanica
5991,Scan,Prunus laurocerasus
5999,Scan,Platanus x hispanica
6,Scan,Aesculus hippocastanum
6000,Scan,Cercis siliquastrum
6003,Scan,Prunus avium
6006,Scan,Juniperus oxycedrus
6007,pseudoscan,Rhus coriaria
6012,Scan,Ficus carica
602,photograph,Cercis siliquastrum
6025,pseudoscan,Ulmus minor
6033,pseudoscan,Punica granatum
6038,Scan,Phillyrea angustifolia
6040,pseudoscan,Ruscus aculeatus
605,Scan,Syringa vulgaris
6060,pseudoscan,Ruscus aculeatus
6061,Scan,Ligustrum vulgare
6068,Scan,Celtis australis
6072,Scan,Pistacia lentiscus
6075,photograph,Viburnum tinus
6080,Scan,Celtis australis
6082,photograph,Acer platanoides
6094,Scan,Euphorbia characias
6099,Scan,Acer monspessulanum
610,pseudoscan,Punica granatum
6100,photograph,Hedera helix
6103,photograph,Quercus ilex
6106,pseudoscan,Ruscus aculeatus
6110,pseudoscan,Crataegus monogyna
6111,Scan,Celtis australis
6112,Scan,Phillyrea angustifolia
6119,Scan,Robinia pseudoacacia
612,Scan,Betula utilis var. jacquemontii
6121,Scan,Capparis spinosa
6122,Scan,Cotinus coggygria
6124,photograph,Corylus avellana
6134,photograph,Sorbus intermedia
6141,photograph,Laurus nobilis
6146,pseudoscan,Rhus coriaria
6148,Scan,Syringa vulgaris
6149,Scan,Corylus avellana
6157,Scan,Betula pubescens
6158,Scan,Prunus dulcis
6161,Scan,Liriodendron tulipifera
6164,photograph,Aesculus hippocastanum
6167,pseudoscan,Populus nigra
6170,Scan,Pittosporum tobira
6183,Scan,Phillyrea angustifolia
6185,pseudoscan,Ruscus aculeatus
6187,Scan,Alnus cordata
6192,Scan,Phillyrea angustifolia
6196,Scan,Phillyrea angustifolia
6197,Scan,Juniperus oxycedrus
6198,pseudoscan,Rhus typhina
620,pseudoscan,Prunus dulcis
621,Scan,Koelreuteria paniculata
6211,Scan,Castanea sativa
6217,Scan,Phillyrea angustifolia
6218,pseudoscan,Liquidambar styraciflua
6221,pseudoscan,Ulmus minor
6241,Scan,Nerium oleander
6253,Scan,Viburnum tinus
6254,Scan,Sorbus intermedia
6256,Scan,Morus alba
6259,pseudoscan,Sorbus aria
626,Scan,Buxus sempervirens
6261,Scan,Ulmus minor
6262,Scan,Phillyrea angustifolia
6266,pseudoscan,Ruscus aculeatus
6270,Scan,Corylus avellana
6273,pseudoscan,Nerium oleander
6276,photograph,Platanus x hispanica
6277,Scan,Phillyrea angustifolia
6280,Scan,Celtis australis
6281,Scan,Quercus cerris
6282,photograph,Hedera helix
6286,pseudoscan,Celtis australis
6292,Scan,Sorbus latifolia
6301,Scan,Olea europaea
6309,pseudoscan,Viburnum opulus
6310,Scan,Syringa vulgaris
6321,pseudoscan,Juniperus oxycedrus
6328,pseudoscan,Euphorbia characias
6337,pseudoscan,Alnus glutinosa
634,pseudoscan,Buddleja davidii
6341,Scan,Syringa vulgaris
6344,Scan,Phillyrea angustifolia
6346,pseudoscan,Acer monspessulanum
6352,pseudoscan,Rhus coriaria
6355,Scan,Phillyrea angustifolia
6361,Scan,Liquidambar styraciflua
6362,Scan,Castanea sativa
6363,Scan,Corylus avellana
6365,Scan,Quercus ilex
6373,pseudoscan,Ruscus aculeatus
6380,Scan,Quercus petraea
6385,Scan,Acer campestre
6386,Scan,Platanus x hispanica
639,Scan,Juniperus oxycedrus
6396,Scan,Malus sylvestris
6399,photograph,Cercis siliquastrum
6409,photograph,Quercus ilex
641,Scan,Viburnum lantana
6412,pseudoscan,Ruscus aculeatus
6415,pseudoscan,Ulmus minor
642,photograph,Ficus carica
6420,pseudoscan,Betula pendula
6421,Scan,Alnus cordata
6427,Scan,Populus tremula
6428,Scan,Viburnum tinus
6429,pseudoscan,Populus nigra
6432,pseudoscan,Crataegus laevigata
6434,pseudoscan,Hedera helix
644,photograph,Vitex agnus-castus
6444,photograph,Olea europaea
6450,pseudoscan,Syringa vulgaris
6452,Scan,Quercus rubra
6463,pseudoscan,Cornus sanguinea
6466,Scan,Ulmus laevis
6472,pseudoscan,Quercus palustris
6492,Scan,Corylus avellana
6494,Scan,Populus tremula
6496,photograph,Laurus nobilis
65,photograph,Cotinus coggygria
6501,Scan,Populus tremula
6505,Scan,Acer platanoides
6506,Scan,Capparis spinosa
6511,Scan,Euonymus europaeus
6527,photograph,Acer campestre
653,Scan,Acer negundo
6534,Scan,Sorbus domestica
6541,Scan,Olea europaea
6559,pseudoscan,Hedera helix
6564,Scan,Phillyrea angustifolia
6570,pseudoscan,Ulmus minor
6573,photograph,Crataegus monogyna
6583,Scan,Prunus spinosa
6586,pseudoscan,Euphorbia characias
6590,Scan,Capparis spinosa
6595,pseudoscan,Ruscus aculeatus
6596,Scan,Alnus cordata
6599,Scan,Ficus carica
662,Scan,Ligustrum vulgare
6625,Scan,Punica granatum
6628,pseudoscan,Daphne cneorum
6651,pseudoscan,Euphorbia characias
6656,photograph,Acer platanoides
6657,Scan,Broussonetia papyrifera
6660,Scan,Olea europaea
6661,photograph,Fagus sylvatica
6669,Scan,Buxus sempervirens
6670,Scan,Phillyrea angustifolia
6676,Scan,Cornus sanguinea
6679,Scan,Celtis australis
6689,photograph,Crataegus monogyna
6701,Scan,Acer campestre
6705,photograph,Magnolia grandiflora
6707,photograph,Crataegus monogyna
6708,Scan,Robinia pseudoacacia
6710,pseudoscan,Ulmus minor
6711,Scan,Alnus cordata
6713,Scan,Liriodendron tulipifera
6722,Scan,Phillyrea angustifolia
6725,Scan,Pistacia terebinthus
6726,photograph,Vitex agnus-castus
6728,Scan,Olea europaea
6729,Scan,Alnus cordata
6730,Scan,Acer monspessulanum
6734,photograph,Crataegus monogyna
6735,Scan,Phillyrea angustifolia
6740,pseudoscan,Quercus pubescens
6742,Scan,Acer campestre
6751,photograph,Hedera helix
6753,pseudoscan,Betula pendula
6755,Scan,Koelreuteria paniculata
6756,photograph,Tilia cordata
6757,pseudoscan,Broussonetia papyrifera
6763,Scan,Viburnum tinus
6772,Scan,Phillyrea angustifolia
6777,Scan,Celtis australis
6778,Scan,Cornus sanguinea
678,Scan,Liquidambar styraciflua
6793,pseudoscan,Euphorbia characias
6803,pseudoscan,Quercus palustris
6805,photograph,Pittosporum tobira
6806,Scan,Celtis australis
6810,pseudoscan,Phillyrea angustifolia
6812,pseudoscan,Populus alba
6816,Scan,Viburnum opulus
682,Scan,Betula utilis var. jacquemontii
6822,pseudoscan,Rhamnus alaternus
6827,Scan,Viburnum tinus
6828,Scan,Euonymus europaeus
6829,Scan,Buxus sempervirens
6831,Scan,Crataegus monogyna
6837,Scan,Celtis australis
6851,photograph,Quercus pubescens
6852,pseudoscan,Ruscus aculeatus
6855,Scan,Robinia pseudoacacia
6863,pseudoscan,Rhamnus alaternus
6864,Scan,Crataegus monogyna
6869,Scan,Diospyros kaki
687,Scan,Prunus laurocerasus
6870,Scan,Pistacia lentiscus
688,Scan,Juniperus oxycedrus
6883,Scan,Phillyrea angustifolia
6884,Scan,Juglans regia
6886,Scan,Hedera helix
689,photograph,Alnus glutinosa
6891,pseudoscan,Phillyrea angustifolia
6898,Scan,Alnus cordata
6913,pseudoscan,Ruscus aculeatus
6915,Scan,Acer campestre
6923,Scan,Cornus sanguinea
6924,Scan,Viburnum tinus
6928,pseudoscan,Ailanthus altissima
6934,photograph,Punica granatum
6936,Scan,Phillyrea angustifolia
6938,Scan,Corylus avellana
6942,pseudoscan,Buxus sempervirens
6944,photograph,Cercis siliquastrum
6945,Scan,Fraxinus ornus
6948,pseudoscan,Populus alba
695,Scan,Pittosporum tobira
6966,Scan,Corylus avellana
6969,Scan,Olea europaea
697,pseudoscan,Carpinus betulus
6970,Scan,Laburnum anagyroides
6971,photograph,Quercus ilex
6974,pseudoscan,Fraxinus excelsior
6975,Scan,Populus tremula
6987,pseudoscan,Magnolia grandiflora
6997,Scan,Pittosporum tobira
7001,pseudoscan,Quercus ilex
7015,Scan,Acer pseudoplatanus
702,pseudoscan,Magnolia grandiflora
7022,pseudoscan,Rhus coriaria
7025,pseudoscan,Ulmus minor
7038,pseudoscan,Populus nigra
7046,Scan,Acer campestre
7047,photograph,Prunus laurocerasus
7048,Scan,Ficus carica
7051,Scan,Punica granatum
7060,Scan,Buxus sempervirens
7061,Scan,Viburnum opulus
7065,Scan,Gleditsia triacanthos
7068,Scan,Cotinus coggygria
707,pseudoscan,Liriodendron tulipifera
7073,photograph,Celtis australis
7081,Scan,Acer negundo
7082,Scan,Phillyrea angustifolia
7086,pseudoscan,Cornus sanguinea
7092,Scan,Photinia serrulata
7096,Scan,Frangula dodonei
71,Scan,Rhamnus cathartica
7102,Scan,Juniperus oxycedrus
7105,pseudoscan,Liriodendron tulipifera
7108,Scan,Ligustrum vulgare
7116,Scan,Arbutus unedo
7118,Scan,Laburnum anagyroides
7122,photograph,Pittosporum tobira
7125,Scan,Phillyrea angustifolia
713,Scan,Juniperus oxycedrus
7140,Scan,Crataegus monogyna
7142,Scan,Phillyrea angustifolia
7148,Scan,Buddleja davidii
7149,Scan,Corylus avellana
7150,Scan,Koelreuteria paniculata
7152,photograph,Mespilus germanica
7155,Scan,Sorbus domestica
7156,Scan,Ficus carica
7160,Scan,Photinia serrulata
7165,pseudoscan,Hedera helix
7166,Scan,Liriodendron tulipifera
7168,Scan,Corylus avellana
7176,pseudoscan,Populus nigra
7182,Scan,Populus nigra
7185,Scan,Juniperus oxycedrus
7189,Scan,Euonymus europaeus
7195,Scan,Celtis australis
7196,Scan,Rhamnus cathartica
7199,pseudoscan,Rhus coriaria
72,Scan,Euphorbia characias
7210,Scan,Fraxinus ornus
7219,pseudoscan,Punica granatum
722,Scan,Olea europaea
7237,Scan,Hedera helix
7241,Scan,Acer monspessulanum
7243,pseudoscan,Ruscus aculeatus
7244,Scan,Punica granatum
7245,Scan,Aesculus hippocastanum
725,Scan,Laburnum anagyroides
7259,photograph,Platanus x hispanica
726,photograph,Laurus nobilis
7260,Scan,Acer campestre
7264,photograph,Cercis siliquastrum
7269,photograph,Fraxinus angustifolia
7275,Scan,Acer negundo
7278,Scan,Koelreuteria paniculata
7280,Scan,Celtis australis
7283,Scan,Phillyrea angustifolia
7286,pseudoscan,Cornus mas
7288,photograph,Fraxinus ornus
730,Scan,Celtis australis
7302,pseudoscan,Fraxinus angustifolia
7304,Scan,Phillyrea angustifolia
7322,pseudoscan,Acer monspessulanum
7327,Scan,Diospyros kaki
7329,photograph,Ailanthus altissima
7335,pseudoscan,Ulmus minor
7337,pseudoscan,Hedera helix
7339,photograph,Pittosporum tobira
7343,pseudoscan,Phillyrea angustifolia
7346,Scan,Sorbus latifolia
7347,Scan,Celtis australis
7351,Scan,Buxus sempervirens
7357,pseudoscan,Ruscus aculeatus
7358,Scan,Buxus sempervirens
736,Scan,Phillyrea angustifolia
7366,photograph,Sambucus nigra
7368,pseudoscan,Ruscus aculeatus
7375,pseudoscan,Ailanthus altissima
7376,Scan,Robinia pseudoacacia
738,Scan,Betula pubescens
7387,Scan,Cotinus coggygria
7388,pseudoscan,Pistacia lentiscus
7389,Scan,Rhamnus cathartica
7392,Scan,Juniperus oxycedrus
7398,Scan,Morus alba
7399,Scan,Corylus avellana
740,pseudoscan,Populus nigra
7403,Scan,Cornus sanguinea
7411,Scan,Robinia pseudoacacia
7414,pseudoscan,Quercus pubescens
7422,Scan,Acer campestre
7428,pseudoscan,Rhus coriaria
7429,pseudoscan,Populus nigra
743,Scan,Phillyrea angustifolia
7434,Scan,Acer pseudoplatanus
7442,Scan,Viburnum tinus
7451,pseudoscan,Ruscus aculeatus
7455,Scan,Corylus avellana
7459,Scan,Sambucus nigra
7460,photograph,Laurus nobilis
7461,pseudoscan,Eriobotrya japonica
7471,Scan,Juglans nigra
7472,Scan,Juglans regia
7480,photograph,Hedera helix
7484,Scan,Buxus sempervirens
7487,photograph,Pittosporum tobira
7490,Scan,Buxus sempervirens
7491,pseudoscan,Punica granatum
7493,pseudoscan,Populus nigra
7496,pseudoscan,Prunus laurocerasus
7499,pseudoscan,Punica granatum
7504,pseudoscan,Juniperus oxycedrus
7506,Scan,Betula pubescens
7510,Scan,Celtis australis
7511,pseudoscan,Magnolia grandiflora
7513,pseudoscan,Populus nigra
7518,pseudoscan,Ilex aquifolium
7522,pseudoscan,Hedera helix
7523,Scan,Phillyrea angustifolia
7537,Scan,Phillyrea angustifolia
7540,Scan,Ulmus minor
7546,Scan,Cercis siliquastrum
7558,Scan,Cercis siliquastrum
7565,Scan,Phillyrea angustifolia
7566,Scan,Ulmus minor
7575,Scan,Celtis australis
7576,pseudoscan,Buddleja davidii
7578,Scan,Phillyrea angustifolia
7584,Scan,Ligustrum vulgare
759,photograph,Magnolia grandiflora
7598,Scan,Ulmus minor
7599,pseudoscan,Cornus mas
7604,Scan,Cerasus mahaleb
7605,pseudoscan,Cornus mas
7613,Scan,Liquidambar styraciflua
7619,photograph,Hedera helix
7628,pseudoscan,Rhus coriaria
7629,Scan,Morus alba
7630,Scan,Quercus cerris
764,Scan,Celtis australis
7645,Scan,Betula pendula
765,Scan,Ulmus minor
7650,pseudoscan,Broussonetia papyrifera
7654,Scan,Juniperus oxycedrus
7655,Scan,Olea europaea
766,photograph,Crataegus monogyna
7663,photograph,Hedera helix
767,photograph,Platanus x hispanica
7672,Scan,Acer monspessulanum
7674,Scan,Diospyros kaki
7682,Scan,Photinia serrulata
7693,Scan,Phillyrea angustifolia
7695,pseudoscan,Viburnum tinus
770,pseudoscan,Punica granatum
7702,Scan,Viburnum opulus
7703,photograph,Acer campestre
7705,Scan,Castanea sativa
7709,photograph,Ficus carica
7710,pseudoscan,Carpinus betulus
7716,pseudoscan,Prunus laurocerasus
7733,Scan,Acer platanoides
7743,Scan,Fraxinus angustifolia
7744,pseudoscan,Ulmus minor
7749,pseudoscan,Alnus glutinosa
7757,pseudoscan,Populus alba
7761,Scan,Quercus robur
7776,Scan,Sambucus nigra
778,Scan,Phillyrea angustifolia
7787,photograph,Carpinus betulus
7789,pseudoscan,Ligustrum vulgare
779,pseudoscan,Ruscus aculeatus
7798,Scan,Acer campestre
7802,Scan,Olea europaea
7805,pseudoscan,Photinia serrulata
7811,pseudoscan,Ruscus aculeatus
7813,pseudoscan,Acer negundo
7814,Scan,Prunus laurocerasus
7836,Scan,Populus tremula
7839,Scan,Buxus sempervirens
7844,pseudoscan,Populus nigra
7850,pseudoscan,Populus alba
7853,Scan,Acer campestre
7854,Scan,Ficus carica
7856,Scan,Celtis australis
7857,photograph,Laurus nobilis
7858,pseudoscan,Populus alba
7869,pseudoscan,Photinia serrulata
7870,Scan,Photinia serrulata
7881,photograph,Robinia pseudoacacia
7902,photograph,Laurus nobilis
7903,Scan,Phillyrea angustifolia
7904,Scan,Quercus palustris
7910,pseudoscan,Ligustrum vulgare
7913,Scan,Castanea sativa
7914,pseudoscan,Juniperus oxycedrus
7915,photograph,Pistacia terebinthus
7931,Scan,Syringa vulgaris
7936,Scan,Phillyrea angustifolia
794,Scan,Cotinus coggygria
7940,Scan,Phillyrea angustifolia
7941,pseudoscan,Ruscus aculeatus
7962,pseudoscan,Ruscus aculeatus
7964,Scan,Carpinus betulus
7967,Scan,Alnus cordata
7969,Scan,Quercus ilex
7974,pseudoscan,Populus nigra
7975,photograph,Quercus coccifera
798,pseudoscan,Cornus sanguinea
7980,Scan,Juniperus oxycedrus
7988,Scan,Salix alba
7990,Scan,Olea europaea
7991,photograph,Pittosporum tobira
7995,pseudoscan,Robinia pseudoacacia
7996,pseudoscan,Pittosporum tobira
7998,Scan,Koelreuteria paniculata
8,Scan,Fagus sylvatica
8004,photograph,Pistacia lentiscus
8006,Scan,Acer monspessulanum
801,Scan,Ulmus laevis
8012,pseudoscan,Prunus laurocerasus
8014,pseudoscan,Corylus avellana
8015,pseudoscan,Ruscus aculeatus
8020,pseudoscan,Quercus ilex
8022,pseudoscan,Phillyrea angustifolia
8025,photograph,Laurus nobilis
8037,pseudoscan,Prunus laurocerasus
8038,Scan,Cornus mas
8041,pseudoscan,Rhus coriaria
8047,pseudoscan,Pistacia terebinthus
805,pseudoscan,Vitex agnus-castus
8058,pseudoscan,Platanus x hispanica
8061,Scan,Phillyrea angustifolia
8062,Scan,Corylus avellana
8067,photograph,Celtis australis
807,pseudoscan,Buxus sempervirens
8073,pseudoscan,Populus alba
8086,pseudoscan,Fraxinus excelsior
8090,pseudoscan,Fagus sylvatica
8092,pseudoscan,Ruscus aculeatus
8099,photograph,Cotinus coggygria
8101,pseudoscan,Ulmus minor
8103,pseudoscan,Ruscus aculeatus
8109,Scan,Cotinus coggygria
8112,Scan,Phillyrea angustifolia
8118,Scan,Malus sylvestris
8122,photograph,Platanus x hispanica
8125,Scan,Phillyrea angustifolia
8128,Scan,Acer saccharinum
8130,Scan,Castanea sativa
8154,Scan,Euphorbia characias
8159,photograph,Platanus x hispanica
8161,Scan,Nerium oleander
8162,pseudoscan,Acer negundo
8164,Scan,Ginkgo biloba
8165,Scan,Phillyrea angustifolia
8169,pseudoscan,Populus nigra
8174,photograph,Nerium oleander
8180,Scan,Viburnum opulus
8186,photograph,Viburnum tinus
8198,Scan,Sorbus domestica
8203,Scan,Crataegus monogyna
8208,Scan,Quercus ilex
821,Scan,Rhamnus cathartica
8222,pseudoscan,Acer opalus
8234,Scan,Cercis siliquastrum
824,pseudoscan,Vitex agnus-castus
8242,pseudoscan,Elaeagnus angustifolia
8244,Scan,Nerium oleander
8250,pseudoscan,Ulmus minor
8262,pseudoscan,Hedera helix
8263,Scan,Populus tremula
8267,pseudoscan,Viburnum tinus
8274,pseudoscan,Eriobotrya japonica
8275,Scan,Phillyrea angustifolia
8283,Scan,Fagus sylvatica
8286,pseudoscan,Pittosporum tenuifolium
8287,pseudoscan,Cercis siliquastrum
829,pseudoscan,Rhus coriaria
8290,pseudoscan,Sorbus aria
8292,photograph,Ulmus minor
8293,Scan,Euphorbia characias
8295,pseudoscan,Pittosporum tenuifolium
8297,pseudoscan,Ulmus minor
83,Scan,Cercis siliquastrum
830,Scan,Acer monspessulanum
8302,Scan,Celtis australis
8311,pseudoscan,Juglans nigra
8326,photograph,Laurus nobilis
8331,Scan,Capparis spinosa
8334,Scan,Prunus avium
8339,Scan,Betula pendula
8341,pseudoscan,Populus nigra
8345,Scan,Betula pendula
8347,Scan,Hedera helix
8349,pseudoscan,Rhamnus alaternus
8355,photograph,Hedera helix
8367,Scan,Celtis australis
8368,Scan,Arbutus unedo
8369,Scan,Olea europaea
8374,Scan,Alnus glutinosa
8377,photograph,Acer opalus
8379,Scan,Capparis spinosa
8382,Scan,Phillyrea angustifolia
8392,Scan,Prunus padus
8393,Scan,Ulmus laevis
8401,pseudoscan,Ruscus aculeatus
8403,pseudoscan,Robinia pseudoacacia
8405,Scan,Sorbus latifolia
8413,photograph,Diospyros kaki
8420,Scan,Juglans nigra
8425,Scan,Phillyrea angustifolia
843,pseudoscan,Ulmus minor
8431,pseudoscan,Ulmus minor
8432,pseudoscan,Corylus avellana
8435,Scan,Quercus rubra
8437,Scan,Aesculus hippocastanum
8438,Scan,Arbutus unedo
8439,photograph,Ilex aquifolium
8448,photograph,Tilia cordata
8455,Scan,Castanea sativa
8463,Scan,Phillyrea angustifolia
8464,Scan,Ruscus aculeatus
8466,Scan,Phillyrea angustifolia
847,Scan,Acer pseudoplatanus
8472,Scan,Ilex aquifolium
8473,pseudoscan,Ruscus aculeatus
8477,pseudoscan,Ruscus aculeatus
8479,Scan,Sorbus intermedia
8493,Scan,Pistacia terebinthus
8507,pseudoscan,Phillyrea angustifolia
8514,photograph,Quercus ilex
8518,Scan,Nerium oleander
8521,Scan,Phillyrea angustifolia
8538,Scan,Euonymus europaeus
8546,Scan,Alnus cordata
8548,Scan,Castanea sativa
8549,Scan,Robinia pseudoacacia
855,Scan,Phillyrea angustifolia
8558,pseudoscan,Ligustrum vulgare
8559,pseudoscan,Quercus palustris
856,Scan,Cerasus mahaleb
8574,Scan,Nerium oleander
8576,Scan,Castanea sativa
8578,Scan,Alnus cordata
8580,pseudoscan,Acer negundo
8585,Scan,Cornus mas
8586,Scan,Aesculus hippocastanum
859,Scan,Buddleja davidii
8591,Scan,Koelreuteria paniculata
8593,Scan,Pistacia lentiscus
8599,photograph,Cercis siliquastrum
8601,Scan,Ulmus minor
8605,photograph,Hedera helix
8607,photograph,Acer campestre
8608,photograph,Cercis siliquastrum
8613,Scan,Olea europaea
8615,pseudoscan,Prunus dulcis
8619,pseudoscan,Populus nigra
8621,photograph,Cercis siliquastrum
8638,pseudoscan,Populus alba
864,Scan,Phillyrea angustifolia
8641,Scan,Juniperus oxycedrus
8642,Scan,Euonymus europaeus
8646,pseudoscan,Euphorbia characias
8649,Scan,Phillyrea angustifolia
8650,Scan,Castanea sativa
8654,photograph,Hedera helix
8655,Scan,Pistacia lentiscus
8659,photograph,Ficus carica
8664,Scan,Euphorbia characias
8665,pseudoscan,Rhus coriaria
867,Scan,Ulmus laevis
8687,photograph,Viburnum tinus
8689,photograph,Pistacia lentiscus
8694,Scan,Syringa vulgaris
8703,pseudoscan,Acer opalus
8706,Scan,Pittosporum tobira
8707,Scan,Ficus carica
871,pseudoscan,Populus alba
8711,Scan,Populus tremula
8712,Scan,Celtis australis
8714,Scan,Quercus cerris
8715,pseudoscan,Morus alba
8721,Scan,Celtis australis
8727,pseudoscan,Phillyrea angustifolia
873,pseudoscan,Acer monspessulanum
8731,Scan,Acer saccharinum
8736,Scan,Corylus avellana
8738,pseudoscan,Phillyrea angustifolia
874,Scan,Viburnum opulus
8742,Scan,Phillyrea angustifolia
8746,pseudoscan,Ruscus aculeatus
875,pseudoscan,Prunus laurocerasus
8764,Scan,Malus sylvestris
8765,pseudoscan,Rhus coriaria
8769,Scan,Viburnum tinus
877,Scan,Arbutus unedo
8778,Scan,Robinia pseudoacacia
8790,photograph,Sambucus nigra
8808,photograph,Acer pseudoplatanus
8813,pseudoscan,Acer monspessulanum
8815,Scan,Phillyrea angustifolia
8820,pseudoscan,Populus alba
8821,Scan,Viburnum opulus
8835,photograph,Acer campestre
8837,Scan,Phillyrea angustifolia
8845,photograph,Acer campestre
8848,Scan,Phillyrea angustifolia
8856,Scan,Quercus robur
8857,pseudoscan,Daphne cneorum
8868,photograph,Syringa vulgaris
8870,photograph,Pittosporum tobira
8871,photograph,Ulmus minor
8879,Scan,Hedera helix
8889,Scan,Corylus avellana
8896,Scan,Populus tremula
8901,Scan,Viburnum opulus
8905,Scan,Cercis siliquastrum
8910,pseudoscan,Pittosporum tobira
8911,Scan,Castanea sativa
8919,Scan,Buxus sempervirens
892,Scan,Sorbus latifolia
8920,Scan,Acer negundo
8928,pseudoscan,Hedera helix
8935,pseudoscan,Fagus sylvatica
8945,Scan,Buxus sempervirens
8946,photograph,Aesculus hippocastanum
8949,Scan,Ruscus aculeatus
8961,pseudoscan,Ulmus minor
8963,Scan,Phillyrea angustifolia
8964,pseudoscan,Ilex aquifolium
8966,pseudoscan,Alnus glutinosa
8971,Scan,Ginkgo biloba
8972,pseudoscan,Populus nigra
8973,Scan,Ficus carica
8975,pseudoscan,Broussonetia papyrifera
8982,Scan,Syringa vulgaris
8984,Scan,Pittosporum tobira
8991,pseudoscan,Pittosporum tenuifolium
8995,Scan,Ruscus aculeatus
900,pseudoscan,Buxus sempervirens
9014,Scan,Olea europaea
9015,pseudoscan,Buddleja davidii
9021,pseudoscan,Phillyrea angustifolia
9037,Scan,Hedera helix
905,Scan,Phillyrea angustifolia
9052,pseudoscan,Acer negundo
9054,pseudoscan,Ruscus aculeatus
9057,Scan,Celtis australis
9058,Scan,Magnolia grandiflora
9070,Scan,Liquidambar styraciflua
9074,pseudoscan,Viburnum opulus
9075,pseudoscan,Ulmus minor
9077,photograph,Betula pendula
9089,Scan,Castanea sativa
909,pseudoscan,Rhus coriaria
9093,pseudoscan,Carpinus betulus
910,photograph,Acer opalus
9100,Scan,Populus tremula
9105,pseudoscan,Fagus sylvatica
9112,Scan,Ulmus minor
9113,Scan,Corylus avellana
9115,Scan,Gleditsia triacanthos
9116,Scan,Crataegus monogyna
9120,Scan,Koelreuteria paniculata
9136,pseudoscan,Fraxinus angustifolia
9138,Scan,Liriodendron tulipifera
9145,Scan,Euphorbia characias
9155,photograph,Sorbus intermedia
9157,Scan,Sorbus intermedia
9161,Scan,Acer negundo
9162,photograph,Viburnum tinus
9180,pseudoscan,Ligustrum vulgare
9183,pseudoscan,Pittosporum tobira
9187,pseudoscan,Juglans nigra
919,photograph,Cercis siliquastrum
9193,Scan,Fraxinus excelsior
9199,Scan,Euphorbia characias
9201,photograph,Corylus avellana
921,Scan,Arbutus unedo
9214,Scan,Ligustrum vulgare
9222,Scan,Corylus avellana
9237,pseudoscan,Ailanthus altissima
9239,Scan,Acer monspessulanum
9242,Scan,Hedera helix
9249,pseudoscan,Quercus palustris
9275,pseudoscan,Populus alba
9276,photograph,Ilex aquifolium
9290,Scan,Ruscus aculeatus
9295,pseudoscan,Hedera helix
9299,pseudoscan,Magnolia grandiflora
9300,Scan,Phillyrea angustifolia
9307,pseudoscan,Ulmus minor
9309,Scan,Hedera helix
9321,photograph,Mespilus germanica
9328,Scan,Juniperus oxycedrus
9337,Scan,Hedera helix
9343,photograph,Hedera helix
9345,pseudoscan,Hedera helix
9346,Scan,Nerium oleander
9349,pseudoscan,Euphorbia characias
9350,Scan,Euphorbia characias
9351,Scan,Betula pendula
9353,pseudoscan,Quercus palustris
9354,Scan,Viburnum tinus
9356,Scan,Phillyrea angustifolia
9358,pseudoscan,Cornus sanguinea
9361,Scan,Juniperus oxycedrus
9369,Scan,Cercis siliquastrum
9370,pseudoscan,Cornus sanguinea
9371,Scan,Pittosporum tobira
9374,Scan,Olea europaea
9376,Scan,Juniperus oxycedrus
9381,Scan,Phillyrea angustifolia
9383,Scan,Celtis australis
9391,Scan,Acer campestre
9394,Scan,Buxus sempervirens
94,Scan,Phillyrea angustifolia
9400,Scan,Rhamnus cathartica
9401,Scan,Fraxinus ornus
9407,Scan,Buxus sempervirens
9411,Scan,Sorbus domestica
9413,Scan,Juniperus oxycedrus
9414,Scan,Tilia platyphyllos
9416,photograph,Hedera helix
9420,Scan,Phillyrea angustifolia
9422,Scan,Phillyrea angustifolia
9423,Scan,Corylus avellana
9426,Scan,Capparis spinosa
9427,pseudoscan,Cotinus coggygria
9429,pseudoscan,Punica granatum
9432,Scan,Laburnum anagyroides
9433,Scan,Pistacia lentiscus
9437,Scan,Sorbus torminalis
9439,pseudoscan,Ulmus minor
945,pseudoscan,Quercus ilex
9452,photograph,Acer campestre
946,Scan,Rhamnus cathartica
9465,pseudoscan,Viburnum opulus
9466,Scan,Acer monspessulanum
9491,Scan,Quercus cerris
9492,pseudoscan,Broussonetia papyrifera
9494,pseudoscan,Olea europaea
9512,Scan,Sophora japonica
9513,Scan,Phillyrea angustifolia
9518,pseudoscan,Ruscus aculeatus
952,pseudoscan,Populus alba
9522,Scan,Malus sylvestris
9523,Scan,Prunus avium
9533,Scan,Celtis australis
9537,pseudoscan,Rhus coriaria
9538,Scan,Celtis australis
954,pseudoscan,Acer negundo
9542,pseudoscan,Quercus pubescens
9543,pseudoscan,Ruscus aculeatus
955,Scan,Eriobotrya japonica
9551,Scan,Phillyrea angustifolia
9558,pseudoscan,Sophora japonica
9559,Scan,Quercus petraea
956,Scan,Cornus sanguinea
9561,Scan,Sorbus latifolia
9562,photograph,Mespilus germanica
9565,pseudoscan,Ulmus minor
9566,Scan,Betula utilis var. jacquemontii
9569,Scan,Acer negundo
9578,photograph,Pistacia lentiscus
9579,photograph,Hedera helix
9582,pseudoscan,Pittosporum tobira
9586,pseudoscan,Rhus typhina
9590,Scan,Phillyrea angustifolia
9593,Scan,Olea europaea
9601,Scan,Sorbus domestica
9611,Scan,Quercus ilex
9617,Scan,Cotinus coggygria
962,pseudoscan,Rhus coriaria
9622,photograph,Robinia pseudoacacia
9624,pseudoscan,Corylus avellana
9627,pseudoscan,Ailanthus altissima
9630,photograph,Cercis siliquastrum
9638,pseudoscan,Populus nigra
9640,pseudoscan,Fagus sylvatica
9649,Scan,Acer pseudoplatanus
9654,Scan,Phillyrea angustifolia
9657,Scan,Populus nigra
9660,Scan,Aesculus hippocastanum
9668,Scan,Phillyrea angustifolia
9678,photograph,Acer pseudoplatanus
9679,pseudoscan,Punica granatum
9682,Scan,Syringa vulgaris
9687,pseudoscan,Pittosporum tobira
9689,Scan,Juniperus oxycedrus
9690,Scan,Liriodendron tulipifera
9691,Scan,Carpinus betulus
9692,Scan,Quercus petraea
9693,pseudoscan,Arbutus unedo
9698,Scan,Quercus robur
97,pseudoscan,Ruscus aculeatus
9701,pseudoscan,Populus nigra
9703,Scan,Ficus carica
9707,Scan,Acer monspessulanum
9709,Scan,Olea europaea
9715,photograph,Vitex agnus-castus
9720,photograph,Hedera helix
9721,pseudoscan,Laburnum anagyroides
9726,pseudoscan,Sophora japonica
9728,photograph,Acer opalus
9729,pseudoscan,Sophora japonica
9735,Scan,Phillyrea angustifolia
9742,Scan,Prunus dulcis
9747,Scan,Photinia serrulata
9752,pseudoscan,Juniperus oxycedrus
9753,pseudoscan,Ailanthus altissima
9756,Scan,Capparis spinosa
9757,pseudoscan,Robinia pseudoacacia
9761,pseudoscan,Populus alba
9766,Scan,Olea europaea
9769,photograph,Ulmus minor
9770,pseudoscan,Rhus coriaria
9778,Scan,Betula pendula
9785,Scan,Gleditsia triacanthos
9787,pseudoscan,Ulmus minor
9790,photograph,Corylus avellana
9792,pseudoscan,Prunus laurocerasus
9796,Scan,Quercus petraea
980,photograph,Pittosporum tobira
9809,Scan,Olea europaea
9811,pseudoscan,Buddleja davidii
9821,Scan,Acer platanoides
9823,Scan,Pistacia lentiscus
9824,Scan,Viburnum lantana
9833,pseudoscan,Punica granatum
9836,Scan,Cotinus coggygria
9838,photograph,Acer negundo
9842,Scan,Salix alba
9845,Scan,Fraxinus ornus
9849,pseudoscan,Prunus laurocerasus
9854,Scan,Quercus cerris
9856,pseudoscan,Prunus avium
9858,Scan,Aesculus hippocastanum
9859,photograph,Sorbus intermedia
9868,Scan,Euphorbia characias
9873,Scan,Quercus ilex
9877,Scan,Ilex aquifolium
9878,Scan,Acer monspessulanum
9879,Scan,Gleditsia triacanthos
989,photograph,Pittosporum tobira
9897,pseudoscan,Prunus dulcis
9898,pseudoscan,Populus alba
9899,pseudoscan,Populus alba
9902,pseudoscan,Ulmus minor
9908,pseudoscan,Rhus coriaria
9912,pseudoscan,Daphne cneorum
9915,Scan,Acer campestre
9918,pseudoscan,Rhus coriaria
9920,pseudoscan,Ruscus aculeatus
993,photograph,Juglans nigra
9937,Scan,Phillyrea angustifolia
9943,photograph,Nerium oleander
9953,pseudoscan,Ruscus aculeatus
996,Scan,Morus alba
9960,Scan,Euphorbia characias
9962,photograph,Fraxinus angustifolia
9967,pseudoscan,Pittosporum tenuifolium
997,pseudoscan,Carpinus betulus
9980,photograph,Broussonetia papyrifera
9982,Scan,Alnus glutinosa
999,Scan,Aesculus hippocastanum
9992,Scan,Olea europaea
9999,Scan,Phillyrea angustifolia
